datetime,P1,P2,P3,P4,P5,P6
2021-10-27 00:00:44,0.02,0.0131,-4.0,209.0,787.0,1080.0
2021-10-27 00:01:44,0.02,0.0131,-4.0,208.0,787.0,1080.0
2021-10-27 00:02:45,0.02,0.013,-4.0,208.0,788.0,1080.0
2021-10-27 00:03:45,0.02,0.0131,-4.0,208.0,787.0,1080.0
2021-10-27 00:04:46,0.02,0.0131,-4.0,208.0,787.0,1080.0
2021-10-27 00:05:46,0.02,0.0131,-4.0,208.0,787.0,1080.0
2021-10-27 00:06:47,0.02,0.0131,-4.0,208.0,787.0,1080.0
2021-10-27 00:07:47,0.02,0.0131,-4.0,207.0,787.0,1080.0
2021-10-27 00:08:48,0.02,0.0132,-4.0,207.0,787.0,1080.0
2021-10-27 00:09:48,0.02,0.0132,-4.0,207.0,787.0,1080.0
2021-10-27 00:10:49,0.02,0.0132,-4.0,207.0,787.0,1080.0
2021-10-27 00:11:49,0.02,0.0132,-4.0,207.0,788.0,1080.0
2021-10-27 00:12:50,0.02,0.0132,-4.0,207.0,787.0,1080.0
2021-10-27 00:13:51,0.02,0.0132,-4.0,206.0,787.0,1080.0
2021-10-27 00:14:51,0.02,0.0132,-4.0,206.0,787.0,1080.0
2021-10-27 00:15:52,0.02,0.0132,-4.0,206.0,787.0,1080.0
2021-10-27 00:16:52,0.02,0.0132,-4.0,206.0,788.0,1080.0
2021-10-27 00:17:52,0.02,0.0132,-4.0,206.0,787.0,1080.0
2021-10-27 00:18:53,0.02,0.0132,-4.0,206.0,788.0,1080.0
2021-10-27 00:19:54,0.02,0.0133,-4.0,205.0,788.0,1080.0
2021-10-27 00:20:54,0.02,0.0133,-4.0,205.0,787.0,1080.0
2021-10-27 00:21:55,0.02,0.0133,-3.0,205.0,787.0,1080.0
2021-10-27 00:22:56,0.02,0.0132,-4.0,205.0,786.0,1080.0
2021-10-27 00:23:56,0.02,0.0133,-3.0,205.0,787.0,1080.0
2021-10-27 00:24:57,0.02,0.0133,-4.0,204.0,788.0,1080.0
2021-10-27 00:25:57,0.02,0.0133,-4.0,204.0,788.0,1080.0
2021-10-27 00:26:58,0.02,0.0133,-4.0,204.0,788.0,1080.0
2021-10-27 00:27:58,0.02,0.0133,-4.0,204.0,787.0,1080.0
2021-10-27 00:28:59,0.02,0.0133,-3.0,204.0,787.0,1080.0
2021-10-27 00:29:59,0.02,0.0133,-4.0,204.0,786.0,1080.0
2021-10-27 00:31:00,0.02,0.0133,-4.0,204.0,787.0,1080.0
2021-10-27 00:32:00,0.02,0.0133,-4.0,203.0,787.0,1080.0
2021-10-27 00:33:01,0.02,0.0133,-4.0,203.0,787.0,1080.0
2021-10-27 00:34:01,0.02,0.0133,-4.0,203.0,787.0,1080.0
2021-10-27 00:35:02,0.02,0.0133,-4.0,203.0,787.0,1080.0
2021-10-27 00:36:02,0.02,0.0133,-4.0,203.0,787.0,1080.0
2021-10-27 00:37:03,0.02,0.0133,-4.0,203.0,787.0,1080.0
2021-10-27 00:38:03,0.02,0.0133,-4.0,203.0,787.0,1080.0
2021-10-27 00:39:04,0.02,0.0133,-4.0,202.0,787.0,1080.0
2021-10-27 00:40:05,0.02,0.0133,-4.0,202.0,787.0,1080.0
2021-10-27 00:41:05,0.02,0.0133,-4.0,202.0,787.0,1080.0
2021-10-27 00:42:06,0.02,0.0133,-4.0,202.0,787.0,1080.0
2021-10-27 00:43:06,0.02,0.0133,-4.0,202.0,787.0,1080.0
2021-10-27 00:44:07,0.02,0.0133,-4.0,202.0,787.0,1080.0
2021-10-27 00:45:07,0.02,0.0133,-4.0,201.0,787.0,1080.0
2021-10-27 00:46:08,0.02,0.0133,-4.0,201.0,787.0,1080.0
2021-10-27 00:47:08,0.02,0.0134,-4.0,201.0,787.0,1080.0
2021-10-27 00:48:09,0.02,0.0134,-4.0,201.0,787.0,1080.0
2021-10-27 00:49:09,0.02,0.0134,-4.0,201.0,787.0,1080.0
2021-10-27 00:50:10,0.02,0.0134,-4.0,201.0,786.0,1080.0
2021-10-27 00:51:10,0.02,0.0134,-4.0,200.0,787.0,1080.0
2021-10-27 00:52:11,0.02,0.0134,-3.0,200.0,787.0,1080.0
2021-10-27 00:53:11,0.02,0.0134,-4.0,200.0,788.0,1080.0
2021-10-27 00:54:12,0.02,0.0134,-4.0,200.0,787.0,1080.0
2021-10-27 00:55:12,0.02,0.0134,-4.0,200.0,787.0,1080.0
2021-10-27 00:56:13,0.02,0.0134,-4.0,200.0,787.0,1080.0
2021-10-27 00:57:13,0.02,0.0135,-4.0,199.0,788.0,1080.0
2021-10-27 00:58:14,0.02,0.0134,-4.0,199.0,787.0,1080.0
2021-10-27 00:59:14,0.02,0.0135,-4.0,199.0,788.0,1080.0
2021-10-27 01:00:15,0.02,0.0135,-4.0,199.0,788.0,1080.0
2021-10-27 01:01:15,0.02,0.0135,-4.0,199.0,787.0,1080.0
2021-10-27 01:02:16,0.02,0.0135,-4.0,199.0,787.0,1080.0
2021-10-27 01:03:16,0.02,0.0135,-4.0,198.0,787.0,1080.0
2021-10-27 01:04:17,0.02,0.0135,-4.0,199.0,787.0,1080.0
2021-10-27 01:05:18,0.02,0.0135,-4.0,198.0,787.0,1080.0
2021-10-27 01:06:18,0.02,0.0135,-4.0,198.0,787.0,1080.0
2021-10-27 01:07:19,0.02,0.0135,-4.0,198.0,787.0,1080.0
2021-10-27 01:08:19,0.02,0.0135,-4.0,198.0,787.0,1080.0
2021-10-27 01:09:20,0.02,0.0135,-4.0,198.0,787.0,1080.0
2021-10-27 01:10:20,0.02,0.0135,-4.0,197.0,787.0,1080.0
2021-10-27 01:11:21,0.02,0.0135,-4.0,197.0,787.0,1080.0
2021-10-27 01:12:21,0.02,0.0136,-4.0,197.0,788.0,1080.0
2021-10-27 01:13:22,0.02,0.0135,-4.0,197.0,787.0,1080.0
2021-10-27 01:14:22,0.02,0.0136,-4.0,197.0,787.0,1080.0
2021-10-27 01:15:23,0.02,0.0135,-4.0,197.0,787.0,1080.0
2021-10-27 01:16:24,0.02,0.0135,-4.0,197.0,788.0,1080.0
2021-10-27 01:17:24,0.02,0.0135,-4.0,196.0,787.0,1080.0
2021-10-27 01:18:24,0.02,0.0135,-4.0,196.0,787.0,1080.0
2021-10-27 01:19:25,0.02,0.0136,-4.0,196.0,787.0,1070.0
2021-10-27 01:20:25,0.02,0.0136,-4.0,196.0,787.0,1080.0
2021-10-27 01:21:26,0.02,0.0136,-4.0,196.0,787.0,1080.0
2021-10-27 01:22:27,0.02,0.0136,-4.0,196.0,787.0,1070.0
2021-10-27 01:23:27,0.02,0.0136,-4.0,195.0,787.0,1080.0
2021-10-27 01:24:27,0.02,0.0136,-4.0,195.0,787.0,1080.0
2021-10-27 01:25:28,0.02,0.0136,-4.0,195.0,787.0,1070.0
2021-10-27 01:26:28,0.02,0.0136,-4.0,195.0,787.0,1080.0
2021-10-27 01:27:29,0.02,0.0136,-4.0,195.0,787.0,1080.0
2021-10-27 01:28:29,0.02,0.0136,-4.0,195.0,787.0,1080.0
2021-10-27 01:29:30,0.02,0.0136,-4.0,195.0,787.0,1080.0
2021-10-27 01:30:30,0.02,0.0136,-4.0,194.0,787.0,1080.0
2021-10-27 01:31:31,0.02,0.0136,-4.0,194.0,788.0,1080.0
2021-10-27 01:32:31,0.02,0.0136,-4.0,194.0,786.0,1070.0
2021-10-27 01:33:32,0.02,0.0136,-4.0,194.0,788.0,1080.0
2021-10-27 01:34:32,0.02,0.0136,-4.0,194.0,787.0,1080.0
2021-10-27 01:35:33,0.02,0.0136,-4.0,194.0,787.0,1070.0
2021-10-27 01:36:34,0.02,0.0137,-4.0,194.0,787.0,1080.0
2021-10-27 01:37:34,0.02,0.0137,-4.0,193.0,787.0,1070.0
2021-10-27 01:38:35,0.02,0.0137,-4.0,193.0,787.0,1070.0
2021-10-27 01:39:35,0.02,0.0137,-4.0,193.0,787.0,1080.0
2021-10-27 01:40:36,0.02,0.0137,-4.0,193.0,788.0,1080.0
2021-10-27 01:41:36,0.02,0.0137,-4.0,193.0,786.0,1070.0
2021-10-27 01:42:37,0.02,0.0137,-4.0,193.0,786.0,1070.0
2021-10-27 01:43:37,0.02,0.0137,-4.0,193.0,786.0,1070.0
2021-10-27 01:44:38,0.02,0.0137,-4.0,193.0,786.0,1080.0
2021-10-27 01:45:39,0.02,0.0137,-4.0,192.0,786.0,1080.0
2021-10-27 01:46:39,0.02,0.0137,-4.0,192.0,784.0,1080.0
2021-10-27 01:47:40,0.02,0.0137,-4.0,192.0,786.0,1070.0
2021-10-27 01:48:40,0.02,0.0137,-3.0,192.0,787.0,1080.0
2021-10-27 01:49:41,0.02,0.0137,-4.0,192.0,786.0,1080.0
2021-10-27 01:50:41,0.02,0.0138,-4.0,192.0,786.0,1080.0
2021-10-27 01:51:42,0.02,0.0138,-4.0,192.0,787.0,1080.0
2021-10-27 01:52:42,0.02,0.0138,-4.0,191.0,787.0,1080.0
2021-10-27 01:53:43,0.02,0.0138,-4.0,191.0,786.0,1080.0
2021-10-27 01:54:43,0.02,0.0138,-4.0,191.0,786.0,1080.0
2021-10-27 01:55:44,0.02,0.0138,-4.0,191.0,786.0,1080.0
2021-10-27 01:56:44,0.02,0.0138,-4.0,191.0,786.0,1070.0
2021-10-27 01:57:45,0.02,0.0138,-4.0,191.0,787.0,1080.0
2021-10-27 01:58:45,0.02,0.0138,-4.0,190.0,786.0,1070.0
2021-10-27 01:59:46,0.02,0.0138,-4.0,191.0,786.0,1070.0
2021-10-27 02:00:46,0.02,0.0138,-4.0,190.0,787.0,1080.0
2021-10-27 02:01:46,0.02,0.0138,-4.0,190.0,787.0,1070.0
2021-10-27 02:02:47,0.02,0.0138,-4.0,190.0,786.0,1070.0
2021-10-27 02:03:47,0.02,0.0138,-4.0,190.0,786.0,1080.0
2021-10-27 02:04:48,0.02,0.0139,-4.0,190.0,786.0,1070.0
2021-10-27 02:05:48,0.02,0.0139,-4.0,190.0,786.0,1070.0
2021-10-27 02:06:49,0.02,0.0138,-4.0,189.0,786.0,1070.0
2021-10-27 02:07:49,0.02,0.0139,-4.0,189.0,786.0,1080.0
2021-10-27 02:08:50,0.02,0.0138,-4.0,189.0,786.0,1070.0
2021-10-27 02:09:50,0.02,0.0139,-4.0,189.0,786.0,1080.0
2021-10-27 02:10:51,0.02,0.0139,-4.0,189.0,786.0,1070.0
2021-10-27 02:11:52,0.02,0.0139,-4.0,189.0,786.0,1070.0
2021-10-27 02:12:52,0.02,0.0139,-4.0,189.0,786.0,1070.0
2021-10-27 02:13:53,0.02,0.0139,-4.0,189.0,787.0,1080.0
2021-10-27 02:14:53,0.02,0.0139,-4.0,188.0,786.0,1070.0
2021-10-27 02:15:53,0.02,0.0139,-4.0,188.0,786.0,1070.0
2021-10-27 02:16:54,0.02,0.0139,-4.0,188.0,786.0,1080.0
2021-10-27 02:17:55,0.02,0.0139,-4.0,188.0,786.0,1070.0
2021-10-27 02:18:55,0.02,0.0139,-4.0,188.0,786.0,1070.0
2021-10-27 02:19:56,0.02,0.0139,-4.0,188.0,786.0,1080.0
2021-10-27 02:20:56,0.02,0.0139,-4.0,188.0,787.0,1070.0
2021-10-27 02:21:57,0.02,0.0139,-4.0,188.0,786.0,1070.0
2021-10-27 02:22:57,0.02,0.0139,-4.0,187.0,786.0,1080.0
2021-10-27 02:23:58,0.02,0.014,-4.0,187.0,786.0,1080.0
2021-10-27 02:24:58,0.02,0.0139,-4.0,187.0,786.0,1080.0
2021-10-27 02:25:59,0.02,0.014,-4.0,187.0,785.0,1070.0
2021-10-27 02:26:59,0.02,0.014,-4.0,187.0,786.0,1080.0
2021-10-27 02:28:00,0.02,0.014,-4.0,187.0,786.0,1080.0
2021-10-27 02:29:00,0.02,0.014,-4.0,187.0,787.0,1070.0
2021-10-27 02:30:01,0.02,0.014,-4.0,187.0,786.0,1080.0
2021-10-27 02:31:01,0.02,0.014,-4.0,186.0,786.0,1080.0
2021-10-27 02:32:02,0.02,0.014,-4.0,186.0,786.0,1070.0
2021-10-27 02:33:03,0.02,0.014,-4.0,186.0,787.0,1080.0
2021-10-27 02:34:03,0.02,0.014,-4.0,186.0,787.0,1070.0
2021-10-27 02:35:04,0.02,0.014,-4.0,186.0,786.0,1070.0
2021-10-27 02:36:04,0.02,0.014,-4.0,186.0,786.0,1080.0
2021-10-27 02:37:05,0.02,0.014,-4.0,186.0,786.0,1080.0
2021-10-27 02:38:05,0.02,0.014,-4.0,186.0,786.0,1070.0
2021-10-27 02:39:06,0.02,0.014,-4.0,185.0,786.0,1070.0
2021-10-27 02:40:06,0.02,0.014,-4.0,185.0,786.0,1080.0
2021-10-27 02:41:07,0.02,0.014,-4.0,185.0,786.0,1080.0
2021-10-27 02:42:07,0.02,0.0141,-4.0,185.0,786.0,1080.0
2021-10-27 02:43:08,0.02,0.0141,-4.0,185.0,786.0,1080.0
2021-10-27 02:44:08,0.02,0.0141,-4.0,185.0,786.0,1080.0
2021-10-27 02:45:09,0.02,0.0141,-4.0,185.0,787.0,1070.0
2021-10-27 02:46:09,0.02,0.0141,-4.0,185.0,786.0,1080.0
2021-10-27 02:47:10,0.02,0.0141,-4.0,184.0,786.0,1080.0
2021-10-27 02:48:10,0.02,0.0141,-4.0,184.0,786.0,1080.0
2021-10-27 02:49:11,0.02,0.0141,-4.0,184.0,786.0,1080.0
2021-10-27 02:50:11,0.02,0.0141,-4.0,184.0,786.0,1070.0
2021-10-27 02:51:12,0.02,0.0141,-4.0,184.0,786.0,1080.0
2021-10-27 02:52:12,0.02,0.0141,-4.0,184.0,786.0,1080.0
2021-10-27 02:53:13,0.02,0.0141,-4.0,184.0,786.0,1080.0
2021-10-27 02:54:13,0.02,0.0141,-4.0,184.0,786.0,1080.0
2021-10-27 02:55:14,0.02,0.0141,-4.0,183.0,786.0,1080.0
2021-10-27 02:56:14,0.02,0.0141,-4.0,183.0,786.0,1070.0
2021-10-27 02:57:15,0.02,0.0141,-4.0,183.0,786.0,1080.0
2021-10-27 02:58:15,0.02,0.0141,-4.0,183.0,786.0,1070.0
2021-10-27 02:59:16,0.02,0.0141,-4.0,183.0,786.0,1070.0
2021-10-27 03:00:16,0.02,0.0142,-4.0,183.0,786.0,1080.0
2021-10-27 03:01:17,0.02,0.0142,-4.0,183.0,786.0,1080.0
2021-10-27 03:02:17,0.02,0.0142,-4.0,183.0,786.0,1080.0
2021-10-27 03:03:18,0.02,0.0142,-4.0,183.0,786.0,1070.0
2021-10-27 03:04:18,0.02,0.0142,-4.0,183.0,786.0,1070.0
2021-10-27 03:05:19,0.02,0.0142,-4.0,182.0,786.0,1080.0
2021-10-27 03:06:19,0.02,0.0142,-4.0,182.0,786.0,1080.0
2021-10-27 03:07:20,0.02,0.0142,-4.0,182.0,786.0,1080.0
2021-10-27 03:08:21,0.02,0.0142,-4.0,182.0,787.0,1080.0
2021-10-27 03:09:21,0.02,0.0142,-4.0,182.0,785.0,1070.0
2021-10-27 03:10:22,0.02,0.0142,-4.0,182.0,787.0,1080.0
2021-10-27 03:11:22,0.02,0.0142,-4.0,182.0,786.0,1070.0
2021-10-27 03:12:23,0.02,0.0142,-4.0,181.0,787.0,1070.0
2021-10-27 03:13:23,0.02,0.0142,-4.0,181.0,786.0,1070.0
2021-10-27 03:14:24,0.02,0.0142,-4.0,181.0,786.0,1070.0
2021-10-27 03:15:24,0.02,0.0142,-4.0,181.0,785.0,1070.0
2021-10-27 03:16:24,0.02,0.0142,-4.0,181.0,786.0,1080.0
2021-10-27 03:17:25,0.02,0.0143,-4.0,181.0,786.0,1070.0
2021-10-27 03:18:26,0.02,0.0143,-4.0,181.0,786.0,1070.0
2021-10-27 03:19:26,0.02,0.0142,-3.0,181.0,787.0,1080.0
2021-10-27 03:20:27,0.02,0.0143,-4.0,181.0,786.0,1080.0
2021-10-27 03:21:27,0.02,0.0143,-4.0,181.0,786.0,1080.0
2021-10-27 03:22:28,0.02,0.0143,-4.0,181.0,786.0,1070.0
2021-10-27 03:23:28,0.02,0.0143,-4.0,180.0,786.0,1080.0
2021-10-27 03:24:29,0.02,0.0143,-4.0,180.0,786.0,1070.0
2021-10-27 03:25:29,0.02,0.0143,-4.0,180.0,786.0,1080.0
2021-10-27 03:26:30,0.02,0.0143,-4.0,180.0,786.0,1080.0
2021-10-27 03:27:30,0.02,0.0143,-4.0,180.0,786.0,1070.0
2021-10-27 03:28:30,0.02,0.0143,-4.0,180.0,786.0,1080.0
2021-10-27 03:29:31,0.02,0.0144,-4.0,180.0,786.0,1080.0
2021-10-27 03:30:31,0.02,0.0143,-4.0,180.0,786.0,1070.0
2021-10-27 03:31:32,0.02,0.0144,-4.0,179.0,786.0,1070.0
2021-10-27 03:32:32,0.02,0.0144,-4.0,179.0,786.0,1080.0
2021-10-27 03:33:33,0.02,0.0144,-4.0,179.0,786.0,1070.0
2021-10-27 03:34:34,0.02,0.0144,-4.0,179.0,787.0,1080.0
2021-10-27 03:35:34,0.02,0.0144,-4.0,179.0,786.0,1080.0
2021-10-27 03:36:35,0.02,0.0144,-4.0,179.0,787.0,1070.0
2021-10-27 03:37:35,0.02,0.0144,-4.0,179.0,786.0,1080.0
2021-10-27 03:38:36,0.02,0.0144,-4.0,179.0,787.0,1080.0
2021-10-27 03:39:36,0.02,0.0144,-4.0,179.0,786.0,1070.0
2021-10-27 03:40:36,0.02,0.0144,-4.0,178.0,786.0,1070.0
2021-10-27 03:41:37,0.02,0.0144,-4.0,178.0,787.0,1070.0
2021-10-27 03:42:37,0.02,0.0144,-4.0,178.0,786.0,1080.0
2021-10-27 03:43:38,0.02,0.0145,-4.0,178.0,786.0,1080.0
2021-10-27 03:44:38,0.02,0.0145,-4.0,178.0,786.0,1070.0
2021-10-27 03:45:39,0.02,0.0145,-4.0,178.0,786.0,1080.0
2021-10-27 03:46:39,0.02,0.0145,-4.0,178.0,786.0,1080.0
2021-10-27 03:47:40,0.02,0.0145,-4.0,178.0,786.0,1080.0
2021-10-27 03:48:40,0.02,0.0145,-4.0,178.0,786.0,1080.0
2021-10-27 03:49:41,0.02,0.0145,-4.0,178.0,786.0,1080.0
2021-10-27 03:50:41,0.02,0.0145,-4.0,177.0,786.0,1080.0
2021-10-27 03:51:42,0.02,0.0145,-4.0,177.0,786.0,1070.0
2021-10-27 03:52:42,0.02,0.0145,-4.0,177.0,786.0,1070.0
2021-10-27 03:53:43,0.02,0.0145,-4.0,177.0,786.0,1080.0
2021-10-27 03:54:43,0.02,0.0145,-4.0,177.0,786.0,1080.0
2021-10-27 03:55:44,0.02,0.0145,-4.0,177.0,787.0,1080.0
2021-10-27 03:56:44,0.02,0.0145,-4.0,177.0,787.0,1070.0
2021-10-27 03:57:45,0.02,0.0145,-4.0,177.0,786.0,1080.0
2021-10-27 03:58:45,0.02,0.0145,-4.0,177.0,786.0,1080.0
2021-10-27 03:59:46,0.02,0.0145,-4.0,176.0,786.0,1080.0
2021-10-27 04:00:46,0.02,0.0145,-4.0,176.0,786.0,1080.0
2021-10-27 04:01:47,0.02,0.0145,-4.0,176.0,786.0,1070.0
2021-10-27 04:02:47,0.02,0.0145,-4.0,176.0,786.0,1080.0
2021-10-27 04:03:48,0.02,0.0145,-4.0,176.0,786.0,1070.0
2021-10-27 04:04:48,0.02,0.0145,-4.0,176.0,786.0,1070.0
2021-10-27 04:05:49,0.02,0.0145,-4.0,176.0,786.0,1080.0
2021-10-27 04:06:49,0.02,0.0145,-4.0,176.0,786.0,1070.0
2021-10-27 04:07:50,0.02,0.0145,-4.0,176.0,786.0,1080.0
2021-10-27 04:08:50,0.02,0.0146,-4.0,176.0,786.0,1070.0
2021-10-27 04:09:51,0.02,0.0146,-4.0,176.0,786.0,1080.0
2021-10-27 04:10:51,0.02,0.0146,-4.0,175.0,786.0,1070.0
2021-10-27 04:11:52,0.02,0.0146,-4.0,175.0,786.0,1080.0
2021-10-27 04:12:52,0.02,0.0146,-4.0,175.0,786.0,1070.0
2021-10-27 04:13:53,0.02,0.0146,-4.0,175.0,786.0,1080.0
2021-10-27 04:14:53,0.02,0.0146,-4.0,175.0,786.0,1080.0
2021-10-27 04:15:54,0.02,0.0146,-4.0,175.0,786.0,1080.0
2021-10-27 04:16:54,0.02,0.0146,-4.0,175.0,786.0,1080.0
2021-10-27 04:17:55,0.02,0.0146,-4.0,175.0,786.0,1070.0
2021-10-27 04:18:55,0.02,0.0147,-4.0,175.0,785.0,1080.0
2021-10-27 04:19:56,0.02,0.0147,-4.0,174.0,787.0,1080.0
2021-10-27 04:20:57,0.02,0.0147,-4.0,174.0,786.0,1080.0
2021-10-27 04:21:57,0.02,0.0147,-4.0,174.0,786.0,1070.0
2021-10-27 04:22:58,0.02,0.0147,-4.0,174.0,787.0,1070.0
2021-10-27 04:23:58,0.02,0.0147,-4.0,174.0,786.0,1080.0
2021-10-27 04:24:59,0.02,0.0147,-4.0,174.0,786.0,1070.0
2021-10-27 04:25:59,0.02,0.0147,-3.0,174.0,786.0,1070.0
2021-10-27 04:27:00,0.02,0.0147,-4.0,174.0,786.0,1070.0
2021-10-27 04:28:00,0.02,0.0147,-4.0,174.0,786.0,1070.0
2021-10-27 04:29:01,0.02,0.0147,-4.0,174.0,787.0,1070.0
2021-10-27 04:30:01,0.02,0.0147,-4.0,174.0,786.0,1070.0
2021-10-27 04:31:02,0.02,0.0147,-4.0,174.0,787.0,1070.0
2021-10-27 04:32:02,0.02,0.0147,-4.0,174.0,786.0,1070.0
2021-10-27 04:33:03,0.02,0.0147,-4.0,173.0,786.0,1070.0
2021-10-27 04:34:03,0.02,0.0147,-4.0,173.0,786.0,1070.0
2021-10-27 04:35:04,0.02,0.0147,-4.0,173.0,786.0,1070.0
2021-10-27 04:36:04,0.02,0.0147,-4.0,173.0,786.0,1070.0
2021-10-27 04:37:05,0.02,0.0147,-4.0,173.0,786.0,1070.0
2021-10-27 04:38:05,0.02,0.0147,-4.0,173.0,786.0,1070.0
2021-10-27 04:39:06,0.02,0.0147,-4.0,173.0,786.0,1070.0
2021-10-27 04:40:06,0.02,0.0147,-4.0,173.0,785.0,1070.0
2021-10-27 04:41:07,0.02,0.0147,-4.0,173.0,786.0,1070.0
2021-10-27 04:42:07,0.02,0.0147,-4.0,173.0,786.0,1070.0
2021-10-27 04:43:08,0.02,0.0147,-4.0,173.0,787.0,1070.0
2021-10-27 04:44:08,0.02,0.0148,-4.0,172.0,786.0,1070.0
2021-10-27 04:45:09,0.02,0.0148,-4.0,172.0,786.0,1070.0
2021-10-27 04:46:09,0.02,0.0148,-4.0,172.0,786.0,1070.0
2021-10-27 04:47:10,0.02,0.0148,-4.0,172.0,785.0,1070.0
2021-10-27 04:48:10,0.02,0.0148,-4.0,172.0,786.0,1070.0
2021-10-27 04:49:11,0.02,0.0148,-4.0,172.0,786.0,1070.0
2021-10-27 04:50:11,0.02,0.0148,-4.0,172.0,786.0,1070.0
2021-10-27 04:51:12,0.02,0.0148,-4.0,172.0,786.0,1070.0
2021-10-27 04:52:12,0.02,0.0148,-4.0,172.0,786.0,1070.0
2021-10-27 04:53:13,0.02,0.0148,-4.0,172.0,786.0,1070.0
2021-10-27 04:54:13,0.02,0.0148,-4.0,172.0,786.0,1070.0
2021-10-27 04:55:14,0.02,0.0148,-4.0,172.0,786.0,1070.0
2021-10-27 04:56:14,0.02,0.0148,-4.0,171.0,786.0,1070.0
2021-10-27 04:57:15,0.02,0.0149,-4.0,171.0,786.0,1070.0
2021-10-27 04:58:16,0.02,0.0148,-4.0,171.0,786.0,1070.0
2021-10-27 04:59:16,0.02,0.0149,-4.0,171.0,786.0,1070.0
2021-10-27 05:00:17,0.02,0.0149,-4.0,171.0,786.0,1070.0
2021-10-27 05:01:17,0.02,0.0149,-4.0,171.0,786.0,1070.0
2021-10-27 05:02:17,0.02,0.0149,-4.0,171.0,787.0,1070.0
2021-10-27 05:03:18,0.02,0.0149,-4.0,171.0,786.0,1070.0
2021-10-27 05:04:19,0.02,0.0149,-4.0,171.0,787.0,1070.0
2021-10-27 05:05:19,0.02,0.0149,-4.0,171.0,786.0,1070.0
2021-10-27 05:06:19,0.02,0.0149,-4.0,171.0,786.0,1070.0
2021-10-27 05:07:20,0.02,0.0149,-4.0,171.0,786.0,1070.0
2021-10-27 05:08:20,0.02,0.0149,-4.0,171.0,785.0,1070.0
2021-10-27 05:09:21,0.02,0.0149,-4.0,170.0,786.0,1070.0
2021-10-27 05:10:21,0.02,0.0149,-4.0,170.0,786.0,1070.0
2021-10-27 05:11:22,0.02,0.0149,-4.0,170.0,786.0,1070.0
2021-10-27 05:12:22,0.02,0.0149,-4.0,170.0,786.0,1070.0
2021-10-27 05:13:23,0.02,0.015,-4.0,170.0,786.0,1070.0
2021-10-27 05:14:23,0.02,0.015,-4.0,170.0,786.0,1070.0
2021-10-27 05:15:24,0.02,0.015,-4.0,170.0,786.0,1070.0
2021-10-27 05:16:24,0.02,0.015,-4.0,170.0,786.0,1070.0
2021-10-27 05:17:25,0.02,0.015,-4.0,170.0,786.0,1070.0
2021-10-27 05:18:26,0.02,0.015,-4.0,170.0,786.0,1070.0
2021-10-27 05:19:26,0.02,0.015,-4.0,170.0,786.0,1070.0
2021-10-27 05:20:27,0.02,0.015,-4.0,170.0,786.0,1070.0
2021-10-27 05:21:27,0.02,0.015,-4.0,169.0,787.0,1070.0
2021-10-27 05:22:28,0.02,0.015,-4.0,169.0,786.0,1070.0
2021-10-27 05:23:28,0.02,0.015,-4.0,169.0,786.0,1070.0
2021-10-27 05:24:29,0.02,0.015,-4.0,169.0,786.0,1070.0
2021-10-27 05:25:29,0.02,0.015,-4.0,169.0,787.0,1070.0
2021-10-27 05:26:30,0.02,0.015,-4.0,169.0,786.0,1070.0
2021-10-27 05:27:30,0.02,0.015,-4.0,169.0,785.0,1070.0
2021-10-27 05:28:31,0.02,0.015,-4.0,169.0,786.0,1070.0
2021-10-27 05:29:31,0.02,0.015,-4.0,169.0,787.0,1070.0
2021-10-27 05:30:32,0.02,0.015,-4.0,169.0,786.0,1070.0
2021-10-27 05:31:32,0.02,0.0151,-4.0,169.0,786.0,1070.0
2021-10-27 05:32:33,0.02,0.0151,-4.0,169.0,786.0,1070.0
2021-10-27 05:33:33,0.02,0.0151,-4.0,169.0,786.0,1080.0
2021-10-27 05:34:34,0.02,0.0151,-4.0,169.0,786.0,1070.0
2021-10-27 05:35:34,0.02,0.0151,-4.0,168.0,786.0,1070.0
2021-10-27 05:36:35,0.02,0.0151,-4.0,168.0,786.0,1070.0
2021-10-27 05:37:35,0.02,0.0151,-4.0,168.0,786.0,1070.0
2021-10-27 05:38:36,0.02,0.0151,-4.0,168.0,784.0,1070.0
2021-10-27 05:39:36,0.02,0.0151,-4.0,168.0,785.0,1070.0
2021-10-27 05:40:37,0.02,0.0151,-4.0,168.0,786.0,1070.0
2021-10-27 05:41:37,0.02,0.0151,-4.0,168.0,785.0,1070.0
2021-10-27 05:42:38,0.02,0.0151,-4.0,168.0,785.0,1070.0
2021-10-27 05:43:38,0.02,0.0151,-4.0,168.0,785.0,1070.0
2021-10-27 05:44:39,0.02,0.0151,-4.0,168.0,785.0,1070.0
2021-10-27 05:45:39,0.02,0.0151,-4.0,168.0,785.0,1070.0
2021-10-27 05:46:40,0.02,0.0151,-4.0,168.0,784.0,1070.0
2021-10-27 05:47:41,0.02,0.0151,-4.0,168.0,784.0,1070.0
2021-10-27 05:48:41,0.02,0.0151,-4.0,168.0,784.0,1070.0
2021-10-27 05:49:41,0.02,0.0151,-4.0,167.0,785.0,1070.0
2021-10-27 05:50:42,0.02,0.0151,-4.0,167.0,785.0,1070.0
2021-10-27 05:51:43,0.02,0.0151,-4.0,167.0,784.0,1070.0
2021-10-27 05:52:43,0.02,0.0152,-4.0,167.0,785.0,1070.0
2021-10-27 05:53:44,0.02,0.0152,-4.0,167.0,785.0,1070.0
2021-10-27 05:54:44,0.02,0.0152,-4.0,167.0,785.0,1070.0
2021-10-27 05:55:45,0.02,0.0152,-4.0,167.0,786.0,1070.0
2021-10-27 05:56:45,0.02,0.0152,-4.0,167.0,785.0,1070.0
2021-10-27 05:57:46,0.02,0.0152,-4.0,167.0,784.0,1070.0
2021-10-27 05:58:46,0.02,0.0152,-4.0,167.0,786.0,1070.0
2021-10-27 05:59:47,0.02,0.0152,-4.0,167.0,784.0,1070.0
2021-10-27 06:00:47,0.02,0.0152,-4.0,167.0,784.0,1070.0
2021-10-27 06:01:48,0.02,0.0152,-4.0,167.0,786.0,1070.0
2021-10-27 06:02:48,0.02,0.0152,-4.0,167.0,785.0,1070.0
2021-10-27 06:03:48,0.02,0.0152,-4.0,167.0,786.0,1070.0
2021-10-27 06:04:49,0.02,0.0152,-4.0,167.0,785.0,1070.0
2021-10-27 06:05:49,0.02,0.0152,-4.0,166.0,785.0,1070.0
2021-10-27 06:06:50,0.02,0.0152,-4.0,167.0,786.0,1070.0
2021-10-27 06:07:50,0.02,0.0153,-4.0,166.0,785.0,1070.0
2021-10-27 06:08:51,0.02,0.0153,-4.0,166.0,784.0,1070.0
2021-10-27 06:09:51,0.02,0.0153,-4.0,166.0,785.0,1070.0
2021-10-27 06:10:52,0.02,0.0153,-4.0,166.0,785.0,1070.0
2021-10-27 06:11:52,0.02,0.0153,-4.0,166.0,785.0,1070.0
2021-10-27 06:12:53,0.02,0.0153,-4.0,166.0,784.0,1070.0
2021-10-27 06:13:54,0.02,0.0153,-4.0,166.0,784.0,1070.0
2021-10-27 06:14:54,0.02,0.0153,-4.0,166.0,784.0,1070.0
2021-10-27 06:15:55,0.02,0.0153,-4.0,166.0,785.0,1070.0
2021-10-27 06:16:55,0.02,0.0153,-4.0,166.0,786.0,1070.0
2021-10-27 06:17:56,0.02,0.0153,-4.0,166.0,784.0,1070.0
2021-10-27 06:18:57,0.02,0.0153,-4.0,166.0,785.0,1070.0
2021-10-27 06:19:57,0.02,0.0154,-4.0,166.0,785.0,1070.0
2021-10-27 06:20:58,0.02,0.0153,-4.0,166.0,784.0,1070.0
2021-10-27 06:21:58,0.02,0.0153,-4.0,166.0,784.0,1070.0
2021-10-27 06:22:59,0.02,0.0154,-4.0,165.0,785.0,1070.0
2021-10-27 06:23:59,0.02,0.0154,-4.0,166.0,784.0,1070.0
2021-10-27 06:24:59,0.02,0.0153,-4.0,165.0,785.0,1070.0
2021-10-27 06:26:00,0.02,0.0154,-4.0,165.0,784.0,1070.0
2021-10-27 06:27:01,0.02,0.0154,-4.0,165.0,785.0,1070.0
2021-10-27 06:28:01,0.02,0.0154,-4.0,165.0,785.0,1070.0
2021-10-27 06:29:02,0.02,0.0154,-4.0,165.0,785.0,1070.0
2021-10-27 06:30:02,0.02,0.0154,-4.0,165.0,785.0,1070.0
2021-10-27 06:31:03,0.02,0.0154,-4.0,165.0,784.0,1070.0
2021-10-27 06:32:03,0.02,0.0154,-4.0,165.0,784.0,1070.0
2021-10-27 06:33:04,0.02,0.0154,-4.0,165.0,784.0,1070.0
2021-10-27 06:34:04,0.02,0.0154,-4.0,165.0,784.0,1070.0
2021-10-27 06:35:05,0.02,0.0154,-4.0,165.0,785.0,1070.0
2021-10-27 06:36:05,0.02,0.0154,-4.0,165.0,786.0,1070.0
2021-10-27 06:37:06,0.02,0.0154,-4.0,165.0,785.0,1070.0
2021-10-27 06:38:06,0.02,0.0154,-4.0,165.0,784.0,1070.0
2021-10-27 06:39:07,0.02,0.0154,-4.0,165.0,785.0,1070.0
2021-10-27 06:40:07,0.02,0.0154,-4.0,165.0,785.0,1070.0
2021-10-27 06:41:08,0.02,0.0154,-4.0,164.0,785.0,1070.0
2021-10-27 06:42:09,0.02,0.0154,-4.0,164.0,786.0,1070.0
2021-10-27 06:43:09,0.02,0.0154,-4.0,164.0,785.0,1070.0
2021-10-27 06:44:10,0.02,0.0154,-4.0,164.0,785.0,1070.0
2021-10-27 06:45:10,0.02,0.0154,-4.0,164.0,786.0,1070.0
2021-10-27 06:46:11,0.02,0.0154,-4.0,164.0,786.0,1070.0
2021-10-27 06:47:11,0.02,0.0154,-4.0,164.0,784.0,1070.0
2021-10-27 06:48:12,0.02,0.0155,-4.0,164.0,784.0,1070.0
2021-10-27 06:49:12,0.02,0.0155,-4.0,164.0,784.0,1070.0
2021-10-27 06:50:13,0.02,0.0155,-3.0,164.0,786.0,1070.0
2021-10-27 06:51:13,0.02,0.0155,-4.0,164.0,786.0,1070.0
2021-10-27 06:52:14,0.02,0.0155,-4.0,164.0,785.0,1070.0
2021-10-27 06:53:15,0.02,0.0155,-4.0,164.0,784.0,1070.0
2021-10-27 06:54:15,0.02,0.0155,-4.0,164.0,784.0,1070.0
2021-10-27 06:55:16,0.02,0.0155,-4.0,164.0,785.0,1070.0
2021-10-27 06:56:16,0.02,0.0155,-4.0,164.0,784.0,1080.0
2021-10-27 06:57:17,0.02,0.0155,-4.0,164.0,784.0,1070.0
2021-10-27 06:58:17,0.02,0.0155,-4.0,164.0,785.0,1070.0
2021-10-27 06:59:18,0.02,0.0156,-4.0,164.0,785.0,1070.0
2021-10-27 07:00:18,0.02,0.0155,-4.0,164.0,785.0,1070.0
2021-10-27 07:01:19,0.02,0.0156,-4.0,164.0,784.0,1070.0
2021-10-27 07:02:19,0.02,0.0156,-4.0,164.0,784.0,1070.0
2021-10-27 07:03:20,0.02,0.0156,-4.0,164.0,786.0,1070.0
2021-10-27 07:04:20,0.02,0.0156,-4.0,163.0,785.0,1070.0
2021-10-27 07:05:21,0.02,0.0156,-4.0,163.0,784.0,1070.0
2021-10-27 07:06:21,0.02,0.0156,-4.0,163.0,784.0,1080.0
2021-10-27 07:07:22,0.02,0.0156,-4.0,163.0,784.0,1070.0
2021-10-27 07:08:22,0.02,0.0156,-4.0,163.0,784.0,1070.0
2021-10-27 07:09:23,0.02,0.0156,-4.0,163.0,785.0,1070.0
2021-10-27 07:10:23,0.02,0.0156,-4.0,163.0,786.0,1070.0
2021-10-27 07:11:24,0.02,0.0156,-4.0,163.0,785.0,1070.0
2021-10-27 07:12:24,0.02,0.0157,-4.0,163.0,784.0,1070.0
2021-10-27 07:13:25,0.02,0.0156,-4.0,163.0,785.0,1070.0
2021-10-27 07:14:26,0.02,0.0156,-4.0,163.0,784.0,1070.0
2021-10-27 07:15:26,0.02,0.0156,-4.0,163.0,784.0,1070.0
2021-10-27 07:16:27,0.02,0.0156,-4.0,163.0,784.0,1070.0
2021-10-27 07:17:27,0.02,0.0156,-4.0,163.0,784.0,1070.0
2021-10-27 07:18:28,0.02,0.0156,-4.0,163.0,784.0,1070.0
2021-10-27 07:19:28,0.02,0.0156,-4.0,163.0,784.0,1070.0
2021-10-27 07:20:28,0.02,0.0156,-4.0,163.0,786.0,1070.0
2021-10-27 07:21:29,0.02,0.0156,-4.0,163.0,784.0,1070.0
2021-10-27 07:22:29,0.02,0.0156,-4.0,163.0,784.0,1070.0
2021-10-27 07:23:30,0.02,0.0156,-4.0,162.0,785.0,1070.0
2021-10-27 07:24:31,0.02,0.0157,-4.0,162.0,785.0,1070.0
2021-10-27 07:25:31,0.02,0.0157,-4.0,162.0,786.0,1070.0
2021-10-27 07:26:31,0.02,0.0157,-4.0,162.0,785.0,1070.0
2021-10-27 07:27:32,0.02,0.0156,-4.0,162.0,785.0,1070.0
2021-10-27 07:28:33,0.02,0.0157,-4.0,162.0,785.0,1070.0
2021-10-27 07:29:33,0.02,0.0157,-4.0,162.0,786.0,1070.0
2021-10-27 07:30:34,0.02,0.0157,-4.0,162.0,785.0,1070.0
2021-10-27 07:31:34,0.02,0.0157,-4.0,162.0,784.0,1070.0
2021-10-27 07:32:35,0.02,0.0157,-4.0,162.0,784.0,1070.0
2021-10-27 07:33:35,0.02,0.0157,-4.0,162.0,784.0,1070.0
2021-10-27 07:34:36,0.02,0.0157,-4.0,162.0,786.0,1070.0
2021-10-27 07:35:36,0.02,0.0157,-4.0,162.0,785.0,1070.0
2021-10-27 07:36:37,0.02,0.0157,-4.0,162.0,784.0,1070.0
2021-10-27 07:37:37,0.02,0.0157,-4.0,162.0,783.0,1070.0
2021-10-27 07:38:38,0.02,0.0158,-4.0,162.0,785.0,1070.0
2021-10-27 07:39:38,0.02,0.0157,-4.0,162.0,785.0,1070.0
2021-10-27 07:40:39,0.02,0.0158,-4.0,162.0,786.0,1070.0
2021-10-27 07:41:39,0.02,0.0158,-4.0,162.0,784.0,1070.0
2021-10-27 07:42:40,0.02,0.0158,-4.0,162.0,784.0,1070.0
2021-10-27 07:43:40,0.02,0.0158,-4.0,162.0,785.0,1070.0
2021-10-27 07:44:41,0.02,0.0158,-4.0,162.0,784.0,1070.0
2021-10-27 07:45:41,0.02,0.0158,-4.0,162.0,785.0,1070.0
2021-10-27 07:46:42,0.02,0.0158,-4.0,162.0,785.0,1070.0
2021-10-27 07:47:42,0.02,0.0158,-4.0,162.0,784.0,1070.0
2021-10-27 07:48:43,0.02,0.0158,-4.0,162.0,785.0,1070.0
2021-10-27 07:49:43,0.02,0.0159,-4.0,161.0,786.0,1070.0
2021-10-27 07:50:44,0.02,0.0158,-4.0,161.0,784.0,1070.0
2021-10-27 07:51:44,0.02,0.0159,-4.0,161.0,784.0,1070.0
2021-10-27 07:52:45,0.02,0.0158,-4.0,161.0,784.0,1070.0
2021-10-27 07:53:45,0.02,0.0159,-4.0,161.0,784.0,1070.0
2021-10-27 07:54:46,0.02,0.0159,-4.0,161.0,785.0,1070.0
2021-10-27 07:55:47,0.02,0.0159,-4.0,161.0,785.0,1070.0
2021-10-27 07:56:47,0.02,0.0159,-4.0,161.0,784.0,1070.0
2021-10-27 07:57:48,0.02,0.0159,-4.0,161.0,785.0,1070.0
2021-10-27 07:58:48,0.02,0.0159,-4.0,161.0,784.0,1070.0
2021-10-27 07:59:49,0.02,0.0159,-4.0,161.0,785.0,1070.0
2021-10-27 08:00:49,0.02,0.0159,-4.0,161.0,784.0,1070.0
2021-10-27 08:01:50,0.02,0.0159,-4.0,161.0,786.0,1070.0
2021-10-27 08:02:50,0.02,0.0159,-4.0,161.0,785.0,1070.0
2021-10-27 08:03:51,0.02,0.0159,-4.0,161.0,783.0,1070.0
2021-10-27 08:04:52,0.02,0.0159,-4.0,161.0,785.0,1070.0
2021-10-27 08:05:52,0.02,0.0159,-4.0,161.0,786.0,1070.0
2021-10-27 08:06:53,0.02,0.0159,-4.0,161.0,785.0,1070.0
2021-10-27 08:07:53,0.02,0.0159,-4.0,161.0,784.0,1070.0
2021-10-27 08:08:54,0.02,0.0159,-4.0,161.0,784.0,1070.0
2021-10-27 08:09:55,0.02,0.0159,-4.0,161.0,784.0,1070.0
2021-10-27 08:10:55,0.02,0.0159,-4.0,161.0,785.0,1070.0
2021-10-27 08:11:56,0.02,0.0159,-4.0,161.0,785.0,1070.0
2021-10-27 08:12:56,0.02,0.0159,-4.0,161.0,785.0,1070.0
2021-10-27 08:13:57,0.02,0.016,-4.0,161.0,785.0,1070.0
2021-10-27 08:14:57,0.02,0.0159,-4.0,161.0,785.0,1070.0
2021-10-27 08:15:58,0.02,0.016,-4.0,161.0,784.0,1070.0
2021-10-27 08:16:58,0.02,0.016,-4.0,161.0,785.0,1070.0
2021-10-27 08:17:59,0.02,0.016,-4.0,161.0,784.0,1070.0
2021-10-27 08:18:59,0.02,0.016,-4.0,161.0,785.0,1070.0
2021-10-27 08:20:00,0.02,0.016,-4.0,161.0,784.0,1070.0
2021-10-27 08:21:00,0.02,0.016,-4.0,160.0,785.0,1070.0
2021-10-27 08:22:01,0.02,0.016,-4.0,160.0,786.0,1070.0
2021-10-27 08:23:01,0.02,0.016,-4.0,160.0,784.0,1070.0
2021-10-27 08:24:02,0.02,0.016,-4.0,160.0,784.0,1070.0
2021-10-27 08:25:02,0.02,0.016,-4.0,160.0,785.0,1070.0
2021-10-27 08:26:03,0.02,0.016,-4.0,160.0,785.0,1070.0
2021-10-27 08:27:03,0.02,0.016,-4.0,160.0,784.0,1070.0
2021-10-27 08:28:04,0.02,0.016,-4.0,160.0,785.0,1070.0
2021-10-27 08:29:05,0.02,0.016,-4.0,160.0,785.0,1070.0
2021-10-27 08:30:05,0.02,0.016,-4.0,160.0,784.0,1070.0
2021-10-27 08:31:05,0.02,0.0161,-4.0,160.0,785.0,1070.0
2021-10-27 08:32:06,0.02,0.0161,-4.0,160.0,786.0,1070.0
2021-10-27 08:33:07,0.02,0.0161,-4.0,160.0,785.0,1070.0
2021-10-27 08:34:07,0.02,0.0161,-4.0,160.0,784.0,1070.0
2021-10-27 08:35:07,0.02,0.0161,-4.0,160.0,784.0,1070.0
2021-10-27 08:36:08,0.02,0.0161,-4.0,160.0,784.0,1070.0
2021-10-27 08:37:09,0.02,0.0161,-4.0,160.0,785.0,1070.0
2021-10-27 08:38:09,0.02,0.0161,-4.0,160.0,784.0,1070.0
2021-10-27 08:39:10,0.02,0.0161,-4.0,160.0,786.0,1070.0
2021-10-27 08:40:10,0.02,0.0161,-4.0,160.0,785.0,1070.0
2021-10-27 08:41:11,0.02,0.0162,-4.0,160.0,786.0,1070.0
2021-10-27 08:42:11,0.02,0.0161,-4.0,160.0,784.0,1070.0
2021-10-27 08:43:12,0.02,0.0162,-4.0,160.0,784.0,1070.0
2021-10-27 08:44:12,0.02,0.0162,-4.0,160.0,784.0,1070.0
2021-10-27 08:45:13,0.02,0.0162,-4.0,160.0,784.0,1070.0
2021-10-27 08:46:13,0.02,0.0162,-4.0,160.0,784.0,1070.0
2021-10-27 08:47:14,0.02,0.0162,-4.0,160.0,784.0,1070.0
2021-10-27 08:48:14,0.02,0.0162,-4.0,160.0,785.0,1070.0
2021-10-27 08:49:15,0.02,0.0162,-4.0,160.0,785.0,1070.0
2021-10-27 08:50:15,0.02,0.0162,-4.0,160.0,784.0,1070.0
2021-10-27 08:51:16,0.02,0.0162,-4.0,159.0,785.0,1070.0
2021-10-27 08:52:16,0.02,0.0162,-4.0,160.0,785.0,1070.0
2021-10-27 08:53:17,0.02,0.0163,-4.0,159.0,786.0,1070.0
2021-10-27 08:54:18,0.02,0.0163,-4.0,160.0,784.0,1070.0
2021-10-27 08:55:18,0.02,0.0162,-4.0,160.0,784.0,1070.0
2021-10-27 08:56:19,0.02,0.0163,-4.0,159.0,784.0,1070.0
2021-10-27 08:57:19,0.02,0.0163,-4.0,159.0,784.0,1070.0
2021-10-27 08:58:20,0.02,0.0163,-4.0,159.0,784.0,1070.0
2021-10-27 08:59:20,0.02,0.0163,-4.0,159.0,784.0,1070.0
2021-10-27 09:00:21,0.02,0.0163,-4.0,159.0,784.0,1070.0
2021-10-27 09:01:22,0.02,0.0163,-4.0,159.0,785.0,1070.0
2021-10-27 09:02:22,0.02,0.0163,-4.0,159.0,786.0,1070.0
2021-10-27 09:03:23,0.02,0.0163,-4.0,159.0,785.0,1070.0
2021-10-27 09:04:23,0.02,0.0163,-4.0,159.0,784.0,1070.0
2021-10-27 09:05:24,0.02,0.0163,-4.0,159.0,784.0,1070.0
2021-10-27 09:06:24,0.02,0.0163,-4.0,159.0,785.0,1070.0
2021-10-27 09:07:25,0.02,0.0163,-4.0,159.0,785.0,1070.0
2021-10-27 09:08:25,0.02,0.0163,-4.0,159.0,784.0,1070.0
2021-10-27 09:09:26,0.02,0.0163,-4.0,159.0,785.0,1070.0
2021-10-27 09:10:26,0.02,0.0163,-4.0,159.0,785.0,1070.0
2021-10-27 09:11:27,0.02,0.0163,-4.0,159.0,785.0,1070.0
2021-10-27 09:12:27,0.02,0.0163,-4.0,159.0,784.0,1070.0
2021-10-27 09:13:28,0.02,0.0163,-4.0,159.0,785.0,1070.0
2021-10-27 09:14:29,0.02,0.0164,-4.0,159.0,784.0,1070.0
2021-10-27 09:15:29,0.02,0.0164,-4.0,159.0,784.0,1070.0
2021-10-27 09:16:30,0.02,0.0164,-4.0,159.0,785.0,1070.0
2021-10-27 09:17:30,0.02,0.0164,-4.0,159.0,784.0,1070.0
2021-10-27 09:18:31,0.02,0.0164,-4.0,159.0,785.0,1070.0
2021-10-27 09:19:31,0.02,0.0164,-4.0,159.0,785.0,1070.0
2021-10-27 09:20:32,0.02,0.0164,-4.0,159.0,784.0,1070.0
2021-10-27 09:21:32,0.02,0.0164,-4.0,159.0,786.0,1070.0
2021-10-27 09:22:33,0.02,0.0164,-4.0,159.0,786.0,1070.0
2021-10-27 09:23:33,0.02,0.0164,-4.0,159.0,785.0,1070.0
2021-10-27 09:24:34,0.02,0.0164,-4.0,159.0,785.0,1070.0
2021-10-27 09:25:34,0.02,0.0164,-4.0,159.0,785.0,1070.0
2021-10-27 09:26:35,0.02,0.0164,-4.0,159.0,785.0,1070.0
2021-10-27 09:27:35,0.02,0.0165,-4.0,159.0,784.0,1070.0
2021-10-27 09:28:36,0.02,0.0165,-4.0,159.0,786.0,1070.0
2021-10-27 09:29:36,0.02,0.0165,-4.0,159.0,786.0,1070.0
2021-10-27 09:30:37,0.02,0.0165,-4.0,159.0,786.0,1070.0
2021-10-27 09:31:37,0.02,0.0165,-4.0,159.0,785.0,1070.0
2021-10-27 09:32:38,0.02,0.0165,-4.0,158.0,784.0,1070.0
2021-10-27 09:33:38,0.02,0.0165,-4.0,158.0,784.0,1070.0
2021-10-27 09:34:39,0.02,0.0165,-4.0,159.0,784.0,1070.0
2021-10-27 09:35:39,0.02,0.0165,-4.0,158.0,784.0,1070.0
2021-10-27 09:36:40,0.02,0.0166,-4.0,158.0,786.0,1080.0
2021-10-27 09:37:40,0.02,0.0165,-4.0,158.0,784.0,1070.0
2021-10-27 09:38:41,0.02,0.0166,-4.0,158.0,784.0,1070.0
2021-10-27 09:39:41,0.02,0.0165,-4.0,158.0,784.0,1070.0
2021-10-27 09:40:42,0.02,0.0166,-4.0,158.0,785.0,1070.0
2021-10-27 09:41:42,0.02,0.0166,-4.0,158.0,784.0,1070.0
2021-10-27 09:42:43,0.02,0.0166,-4.0,158.0,785.0,1070.0
2021-10-27 09:43:43,0.02,0.0166,-4.0,158.0,785.0,1070.0
2021-10-27 09:44:44,0.02,0.0166,-4.0,158.0,786.0,1070.0
2021-10-27 09:45:44,0.02,0.0166,-4.0,158.0,785.0,1070.0
2021-10-27 09:46:44,0.02,0.0166,-4.0,158.0,785.0,1070.0
2021-10-27 09:47:45,0.02,0.0166,-4.0,158.0,785.0,1070.0
2021-10-27 09:48:45,0.02,0.0166,-4.0,158.0,785.0,1070.0
2021-10-27 09:49:46,0.02,0.0166,-4.0,158.0,784.0,1070.0
2021-10-27 09:50:46,0.02,0.0166,-4.0,158.0,784.0,1070.0
2021-10-27 09:51:47,0.02,0.0166,-4.0,158.0,784.0,1070.0
2021-10-27 09:52:47,0.02,0.0166,-4.0,158.0,786.0,1070.0
2021-10-27 09:53:48,0.02,0.0166,-4.0,158.0,784.0,1070.0
2021-10-27 09:54:48,0.02,0.0166,-4.0,158.0,786.0,1070.0
2021-10-27 09:55:49,0.02,0.0166,-4.0,158.0,784.0,1070.0
2021-10-27 09:56:49,0.02,0.0166,-4.0,158.0,786.0,1070.0
2021-10-27 09:57:50,0.02,0.0166,-4.0,158.0,785.0,1070.0
2021-10-27 09:58:50,0.02,0.0166,-4.0,158.0,784.0,1070.0
2021-10-27 09:59:51,0.02,0.0166,-4.0,158.0,784.0,1070.0
2021-10-27 10:00:51,0.02,0.0166,-4.0,158.0,785.0,1070.0
2021-10-27 10:01:52,0.02,0.0166,-4.0,158.0,784.0,1070.0
2021-10-27 10:02:52,0.02,0.0167,-4.0,158.0,784.0,1070.0
2021-10-27 10:03:53,0.02,0.0167,-4.0,158.0,784.0,1070.0
2021-10-27 10:04:53,0.02,0.0167,-4.0,158.0,784.0,1070.0
2021-10-27 10:05:54,0.02,0.0167,-4.0,158.0,785.0,1070.0
2021-10-27 10:06:54,0.02,0.0167,-4.0,158.0,785.0,1070.0
2021-10-27 10:07:55,0.02,0.0167,-4.0,158.0,785.0,1070.0
2021-10-27 10:08:55,0.02,0.0167,-4.0,158.0,784.0,1070.0
2021-10-27 10:09:56,0.02,0.0167,-4.0,158.0,785.0,1070.0
2021-10-27 10:10:56,0.02,0.0167,-4.0,158.0,785.0,1070.0
2021-10-27 10:11:57,0.02,0.0167,-4.0,158.0,785.0,1070.0
2021-10-27 10:12:58,0.02,0.0167,-4.0,158.0,785.0,1070.0
2021-10-27 10:13:58,0.02,0.0168,-4.0,158.0,785.0,1070.0
2021-10-27 10:14:59,0.02,0.0168,-4.0,158.0,785.0,1070.0
2021-10-27 10:15:59,0.02,0.0168,-4.0,158.0,785.0,1070.0
2021-10-27 10:17:00,0.02,0.0168,-4.0,158.0,785.0,1070.0
2021-10-27 10:18:00,0.02,0.0168,-4.0,158.0,784.0,1070.0
2021-10-27 10:19:01,0.02,0.0168,-4.0,158.0,785.0,1070.0
2021-10-27 10:20:01,0.02,0.0168,-4.0,158.0,786.0,1070.0
2021-10-27 10:21:02,0.02,0.0168,-4.0,158.0,785.0,1070.0
2021-10-27 10:22:02,0.02,0.0168,-4.0,158.0,785.0,1070.0
2021-10-27 10:23:02,0.02,0.0169,-4.0,158.0,785.0,1070.0
2021-10-27 10:24:03,0.02,0.0169,-4.0,158.0,784.0,1070.0
2021-10-27 10:25:03,0.02,0.0169,-4.0,158.0,784.0,1070.0
2021-10-27 10:26:04,0.02,0.0169,-4.0,157.0,785.0,1070.0
2021-10-27 10:27:05,0.02,0.0169,-4.0,157.0,786.0,1070.0
2021-10-27 10:28:05,0.02,0.0169,-4.0,158.0,784.0,1070.0
2021-10-27 10:29:06,0.02,0.0169,-4.0,157.0,786.0,1070.0
2021-10-27 10:30:06,0.02,0.0169,-4.0,157.0,786.0,1080.0
2021-10-27 10:31:07,0.02,0.0169,-4.0,157.0,786.0,1070.0
2021-10-27 10:32:07,0.02,0.0169,-4.0,157.0,785.0,1070.0
2021-10-27 10:33:08,0.02,0.0169,-4.0,157.0,786.0,1070.0
2021-10-27 10:34:08,0.02,0.0169,-4.0,157.0,785.0,1070.0
2021-10-27 10:35:09,0.02,0.0169,-4.0,157.0,785.0,1070.0
2021-10-27 10:36:09,0.02,0.0169,-4.0,157.0,786.0,1070.0
2021-10-27 10:37:10,0.02,0.0169,-4.0,157.0,786.0,1070.0
2021-10-27 10:38:10,0.02,0.0169,-4.0,157.0,786.0,1070.0
2021-10-27 10:39:11,0.02,0.0169,-4.0,157.0,785.0,1070.0
2021-10-27 10:40:11,0.02,0.0169,-4.0,157.0,787.0,1070.0
2021-10-27 10:41:12,0.02,0.0169,-4.0,157.0,786.0,1070.0
2021-10-27 10:42:12,0.02,0.0169,-4.0,157.0,786.0,1070.0
2021-10-27 10:43:13,0.02,0.0169,-4.0,157.0,786.0,1070.0
2021-10-27 10:44:14,0.02,0.0169,-4.0,157.0,786.0,1070.0
2021-10-27 10:45:14,0.02,0.0169,-4.0,157.0,786.0,1070.0
2021-10-27 10:46:14,0.02,0.0169,-4.0,157.0,786.0,1070.0
2021-10-27 10:47:15,0.02,0.0169,-4.0,157.0,785.0,1070.0
2021-10-27 10:48:15,0.02,0.0169,-4.0,157.0,786.0,1070.0
2021-10-27 10:49:16,0.02,0.0169,-4.0,157.0,786.0,1070.0
2021-10-27 10:50:16,0.02,0.0169,-4.0,157.0,786.0,1070.0
2021-10-27 10:51:17,0.02,0.017,-4.0,157.0,786.0,1070.0
2021-10-27 10:52:18,0.02,0.017,-4.0,157.0,786.0,1070.0
2021-10-27 10:53:18,0.02,0.017,-4.0,157.0,787.0,1070.0
2021-10-27 10:54:19,0.02,0.017,-4.0,157.0,786.0,1070.0
2021-10-27 10:55:19,0.02,0.017,-4.0,157.0,786.0,1070.0
2021-10-27 10:56:20,0.02,0.017,-4.0,157.0,786.0,1070.0
2021-10-27 10:57:20,0.02,0.017,-4.0,157.0,786.0,1070.0
2021-10-27 10:58:21,0.02,0.017,-4.0,157.0,786.0,1070.0
2021-10-27 10:59:21,0.02,0.017,-4.0,157.0,786.0,1070.0
2021-10-27 11:00:22,0.02,0.0171,-4.0,157.0,787.0,1070.0
2021-10-27 11:01:22,0.02,0.0171,-4.0,157.0,786.0,1070.0
2021-10-27 11:02:23,0.02,0.0171,-4.0,157.0,786.0,1070.0
2021-10-27 11:03:23,0.02,0.0171,-4.0,157.0,786.0,1070.0
2021-10-27 11:04:24,0.02,0.0171,-4.0,157.0,787.0,1070.0
2021-10-27 11:05:24,0.02,0.0171,-4.0,157.0,786.0,1070.0
2021-10-27 11:06:25,0.02,0.0171,-4.0,157.0,786.0,1070.0
2021-10-27 11:07:25,0.02,0.0171,-4.0,157.0,786.0,1070.0
2021-10-27 11:08:26,0.02,0.0171,-4.0,157.0,786.0,1070.0
2021-10-27 11:09:26,0.02,0.0172,-4.0,157.0,786.0,1070.0
2021-10-27 11:10:27,0.02,0.0171,-4.0,157.0,787.0,1070.0
2021-10-27 11:11:27,0.02,0.0172,-4.0,157.0,786.0,1070.0
2021-10-27 11:12:28,0.02,0.0172,-4.0,157.0,786.0,1070.0
2021-10-27 11:13:28,0.02,0.0172,-4.0,157.0,785.0,1070.0
2021-10-27 11:14:29,0.02,0.0172,-4.0,157.0,786.0,1070.0
2021-10-27 11:15:29,0.02,0.0172,-4.0,157.0,786.0,1070.0
2021-10-27 11:16:30,0.02,0.0172,-4.0,157.0,786.0,1070.0
2021-10-27 11:17:30,0.02,0.0172,-4.0,157.0,787.0,1070.0
2021-10-27 11:18:31,0.02,0.0172,-4.0,157.0,786.0,1070.0
2021-10-27 11:19:32,0.02,0.0172,-4.0,157.0,787.0,1080.0
2021-10-27 11:20:32,0.02,0.0172,-4.0,157.0,787.0,1070.0
2021-10-27 11:21:32,0.02,0.0172,-4.0,157.0,786.0,1070.0
2021-10-27 11:22:33,0.02,0.0172,-4.0,157.0,786.0,1070.0
2021-10-27 11:23:33,0.02,0.0172,-4.0,157.0,786.0,1070.0
2021-10-27 11:24:34,0.02,0.0172,-4.0,157.0,786.0,1070.0
2021-10-27 11:25:34,0.02,0.0172,-4.0,157.0,786.0,1070.0
2021-10-27 11:26:35,0.02,0.0172,-4.0,157.0,786.0,1070.0
2021-10-27 11:27:35,0.02,0.0172,-4.0,157.0,786.0,1070.0
2021-10-27 11:28:36,0.02,0.0172,-4.0,157.0,786.0,1070.0
2021-10-27 11:29:36,0.02,0.0172,-4.0,157.0,786.0,1070.0
2021-10-27 11:30:37,0.02,0.0172,-4.0,157.0,787.0,1070.0
2021-10-27 11:31:37,0.02,0.0172,-4.0,157.0,786.0,1070.0
2021-10-27 11:32:38,0.02,0.0172,-4.0,157.0,786.0,1070.0
2021-10-27 11:33:38,0.02,0.0172,-4.0,157.0,786.0,1070.0
2021-10-27 11:34:39,0.02,0.0173,-4.0,157.0,786.0,1070.0
2021-10-27 11:35:39,0.02,0.0173,-4.0,157.0,786.0,1070.0
2021-10-27 11:36:40,0.02,0.0173,-4.0,157.0,786.0,1070.0
2021-10-27 11:37:41,0.02,0.0173,-4.0,157.0,787.0,1070.0
2021-10-27 11:38:41,0.02,0.0173,-4.0,157.0,786.0,1070.0
2021-10-27 11:39:42,0.02,0.0173,-4.0,157.0,786.0,1070.0
2021-10-27 11:40:42,0.02,0.0173,-4.0,157.0,786.0,1070.0
2021-10-27 11:41:43,0.02,0.0173,-4.0,157.0,786.0,1070.0
2021-10-27 11:42:43,0.02,0.0174,-4.0,157.0,786.0,1070.0
2021-10-27 11:43:44,0.02,0.0174,-4.0,157.0,786.0,1070.0
2021-10-27 11:44:44,0.02,0.0174,-4.0,157.0,787.0,1070.0
2021-10-27 11:45:45,0.02,0.0174,-4.0,157.0,786.0,1070.0
2021-10-27 11:46:45,0.02,0.0174,-4.0,157.0,786.0,1070.0
2021-10-27 11:47:46,0.02,0.0174,-4.0,157.0,786.0,1070.0
2021-10-27 11:48:46,0.02,0.0174,-4.0,157.0,786.0,1070.0
2021-10-27 11:49:47,0.02,0.0174,-4.0,157.0,787.0,1070.0
2021-10-27 11:50:47,0.02,0.0174,-4.0,157.0,786.0,1070.0
2021-10-27 11:51:48,0.02,0.0174,-4.0,157.0,787.0,1070.0
2021-10-27 11:52:48,0.02,0.0174,-4.0,156.0,786.0,1070.0
2021-10-27 11:53:49,0.02,0.0174,-4.0,157.0,786.0,1070.0
2021-10-27 11:54:49,0.02,0.0175,-4.0,157.0,786.0,1070.0
2021-10-27 11:55:50,0.02,0.0175,-4.0,156.0,786.0,1070.0
2021-10-27 11:56:50,0.02,0.0175,-4.0,157.0,786.0,1070.0
2021-10-27 11:57:51,0.02,0.0175,-4.0,157.0,786.0,1070.0
2021-10-27 11:58:51,0.02,0.0175,-4.0,157.0,786.0,1070.0
2021-10-27 11:59:52,0.02,0.0175,-4.0,157.0,786.0,1070.0
2021-10-27 12:00:52,0.02,0.0175,-4.0,156.0,786.0,1070.0
2021-10-27 12:01:53,0.02,0.0175,-4.0,156.0,785.0,1070.0
2021-10-27 12:02:53,0.02,0.0175,-4.0,156.0,786.0,1070.0
2021-10-27 12:03:54,0.02,0.0175,-4.0,157.0,786.0,1070.0
2021-10-27 12:04:54,0.02,0.0175,-4.0,157.0,786.0,1070.0
2021-10-27 12:05:55,0.02,0.0175,-4.0,156.0,786.0,1070.0
2021-10-27 12:06:55,0.02,0.0175,-4.0,157.0,787.0,1070.0
2021-10-27 12:07:56,0.02,0.0175,-4.0,156.0,787.0,1070.0
2021-10-27 12:08:56,0.02,0.0175,-4.0,156.0,786.0,1070.0
2021-10-27 12:09:57,0.02,0.0175,-4.0,156.0,788.0,1070.0
2021-10-27 12:10:58,0.02,0.0175,-4.0,157.0,787.0,1070.0
2021-10-27 12:11:58,0.02,0.0175,-4.0,157.0,787.0,1070.0
2021-10-27 12:12:59,0.02,0.0175,-4.0,156.0,787.0,1070.0
2021-10-27 12:13:59,0.02,0.0175,-4.0,156.0,787.0,1070.0
2021-10-27 12:15:00,0.02,0.0175,-4.0,156.0,788.0,1070.0
2021-10-27 12:16:00,0.02,0.0175,-4.0,156.0,788.0,1070.0
2021-10-27 12:17:01,0.02,0.0175,-4.0,156.0,787.0,1070.0
2021-10-27 12:18:01,0.02,0.0176,-4.0,156.0,787.0,1070.0
2021-10-27 12:19:02,0.02,0.0176,-4.0,156.0,788.0,1070.0
2021-10-27 12:20:02,0.02,0.0176,-4.0,156.0,788.0,1070.0
2021-10-27 12:21:03,0.02,0.0176,-4.0,156.0,787.0,1070.0
2021-10-27 12:22:03,0.02,0.0176,-4.0,156.0,788.0,1070.0
2021-10-27 12:23:04,0.02,0.0176,-4.0,156.0,787.0,1070.0
2021-10-27 12:24:04,0.02,0.0176,-4.0,156.0,787.0,1070.0
2021-10-27 12:25:05,0.02,0.0176,-4.0,156.0,787.0,1070.0
2021-10-27 12:26:05,0.02,0.0177,-4.0,156.0,787.0,1070.0
2021-10-27 12:27:06,0.02,0.0176,-4.0,156.0,788.0,1070.0
2021-10-27 12:28:06,0.02,0.0177,-4.0,156.0,787.0,1070.0
2021-10-27 12:29:07,0.02,0.0177,-4.0,156.0,787.0,1070.0
2021-10-27 12:30:07,0.02,0.0177,-4.0,156.0,787.0,1070.0
2021-10-27 12:31:08,0.02,0.0177,-4.0,156.0,787.0,1080.0
2021-10-27 12:32:08,0.02,0.0177,-4.0,156.0,788.0,1080.0
2021-10-27 12:33:08,0.02,0.0177,-4.0,156.0,787.0,1070.0
2021-10-27 12:34:09,0.02,0.0177,-4.0,156.0,787.0,1070.0
2021-10-27 12:35:09,0.02,0.0177,-4.0,156.0,787.0,1070.0
2021-10-27 12:36:10,0.02,0.0177,-4.0,156.0,787.0,1080.0
2021-10-27 12:37:10,0.02,0.0178,-4.0,156.0,787.0,1080.0
2021-10-27 12:38:11,0.02,0.0178,-4.0,156.0,788.0,1080.0
2021-10-27 12:39:11,0.02,0.0178,-4.0,156.0,787.0,1070.0
2021-10-27 12:40:12,0.02,0.0178,-4.0,156.0,787.0,1080.0
2021-10-27 12:41:13,0.02,0.0178,-4.0,156.0,788.0,1070.0
2021-10-27 12:42:13,0.02,0.0178,-4.0,156.0,787.0,1080.0
2021-10-27 12:43:13,0.02,0.0178,-4.0,156.0,787.0,1080.0
2021-10-27 12:44:14,0.02,0.0178,-4.0,156.0,788.0,1070.0
2021-10-27 12:45:14,0.02,0.0178,-4.0,156.0,787.0,1070.0
2021-10-27 12:46:15,0.02,0.0178,-4.0,156.0,787.0,1080.0
2021-10-27 12:47:15,0.02,0.0178,-4.0,156.0,788.0,1080.0
2021-10-27 12:48:16,0.02,0.0178,-4.0,156.0,787.0,1070.0
2021-10-27 12:49:17,0.02,0.0178,-4.0,156.0,787.0,1080.0
2021-10-27 12:50:17,0.02,0.0178,-4.0,156.0,787.0,1080.0
2021-10-27 12:51:17,0.02,0.0178,-4.0,156.0,787.0,1080.0
2021-10-27 12:52:18,0.02,0.0178,-4.0,156.0,788.0,1070.0
2021-10-27 12:53:18,0.02,0.0178,-4.0,156.0,787.0,1070.0
2021-10-27 12:54:19,0.02,0.0178,-4.0,156.0,787.0,1080.0
2021-10-27 12:55:19,0.02,0.0179,-4.0,156.0,787.0,1080.0
2021-10-27 12:56:20,0.02,0.0178,-4.0,156.0,787.0,1080.0
2021-10-27 12:57:20,0.02,0.0178,-4.0,156.0,788.0,1080.0
2021-10-27 12:58:21,0.02,0.0179,-4.0,156.0,788.0,1080.0
2021-10-27 12:59:21,0.02,0.0179,-4.0,156.0,787.0,1080.0
2021-10-27 13:00:22,0.02,0.0179,-4.0,156.0,787.0,1070.0
2021-10-27 13:01:22,0.02,0.0179,-4.0,156.0,787.0,1080.0
2021-10-27 13:02:23,0.02,0.0179,-4.0,156.0,787.0,1080.0
2021-10-27 13:03:23,0.02,0.0179,-4.0,156.0,787.0,1080.0
2021-10-27 13:04:24,0.02,0.0179,-4.0,156.0,787.0,1080.0
2021-10-27 13:05:24,0.02,0.0179,-4.0,156.0,787.0,1070.0
2021-10-27 13:06:24,0.02,0.0179,-4.0,156.0,787.0,1070.0
2021-10-27 13:07:25,0.02,0.018,-4.0,156.0,787.0,1080.0
2021-10-27 13:08:25,0.02,0.018,-4.0,156.0,787.0,1070.0
2021-10-27 13:09:26,0.02,0.018,-4.0,156.0,788.0,1080.0
2021-10-27 13:10:26,0.02,0.018,-4.0,156.0,787.0,1080.0
2021-10-27 13:11:27,0.02,0.018,-4.0,156.0,787.0,1080.0
2021-10-27 13:12:27,0.02,0.018,-4.0,156.0,788.0,1070.0
2021-10-27 13:13:28,0.02,0.018,-4.0,156.0,787.0,1080.0
2021-10-27 13:14:28,0.02,0.018,-4.0,156.0,787.0,1080.0
2021-10-27 13:15:29,0.02,0.0181,-4.0,156.0,787.0,1080.0
2021-10-27 13:16:29,0.02,0.018,-4.0,156.0,787.0,1080.0
2021-10-27 13:17:30,0.02,0.0181,-4.0,156.0,787.0,1080.0
2021-10-27 13:18:30,0.02,0.018,-4.0,156.0,787.0,1070.0
2021-10-27 13:19:31,0.02,0.0181,-4.0,156.0,787.0,1070.0
2021-10-27 13:20:31,0.02,0.018,-4.0,156.0,787.0,1080.0
2021-10-27 13:21:32,0.02,0.0181,-4.0,156.0,788.0,1080.0
2021-10-27 13:22:32,0.02,0.0181,-4.0,156.0,787.0,1080.0
2021-10-27 13:23:33,0.02,0.0181,-3.0,156.0,787.0,1080.0
2021-10-27 13:24:33,0.02,0.0181,-4.0,156.0,787.0,1070.0
2021-10-27 13:25:34,0.02,0.0181,-4.0,156.0,788.0,1070.0
2021-10-27 13:26:34,0.02,0.0181,-3.0,156.0,787.0,1070.0
2021-10-27 13:27:35,0.02,0.0181,-4.0,156.0,787.0,1080.0
2021-10-27 13:28:35,0.02,0.0181,-4.0,156.0,786.0,1070.0
2021-10-27 13:29:36,0.02,0.0181,-4.0,156.0,787.0,1080.0
2021-10-27 13:30:36,0.02,0.0181,-4.0,156.0,788.0,1080.0
2021-10-27 13:31:37,0.02,0.0181,-4.0,156.0,789.0,1080.0
2021-10-27 13:32:37,0.02,0.0181,-4.0,156.0,788.0,1080.0
2021-10-27 13:33:38,0.02,0.0181,-4.0,156.0,788.0,1070.0
2021-10-27 13:34:38,0.02,0.0181,-4.0,156.0,789.0,1070.0
2021-10-27 13:35:39,0.02,0.0181,-4.0,156.0,788.0,1080.0
2021-10-27 13:36:39,0.02,0.0181,-4.0,156.0,789.0,1070.0
2021-10-27 13:37:40,0.02,0.0182,-4.0,156.0,788.0,1080.0
2021-10-27 13:38:40,0.02,0.0181,-4.0,156.0,789.0,1070.0
2021-10-27 13:39:41,0.02,0.0181,-4.0,156.0,788.0,1080.0
2021-10-27 13:40:42,0.02,0.0181,-4.0,156.0,788.0,1080.0
2021-10-27 13:41:42,0.02,0.0182,-3.0,156.0,788.0,1080.0
2021-10-27 13:42:43,0.02,0.0181,-4.0,156.0,789.0,1080.0
2021-10-27 13:43:43,0.02,0.0182,-4.0,156.0,788.0,1080.0
2021-10-27 13:44:44,0.02,0.0182,-4.0,156.0,789.0,1080.0
2021-10-27 13:45:45,0.02,0.0182,-4.0,156.0,788.0,1080.0
2021-10-27 13:46:45,0.02,0.0182,-4.0,156.0,789.0,1080.0
2021-10-27 13:47:46,0.02,0.0182,-4.0,156.0,789.0,1080.0
2021-10-27 13:48:46,0.02,0.0182,-4.0,156.0,788.0,1080.0
2021-10-27 13:49:47,0.02,0.0182,-4.0,156.0,789.0,1080.0
2021-10-27 13:50:47,0.02,0.0182,-4.0,156.0,789.0,1080.0
2021-10-27 13:51:48,0.02,0.0182,-4.0,156.0,788.0,1080.0
2021-10-27 13:52:48,0.02,0.0182,-4.0,156.0,789.0,1080.0
2021-10-27 13:53:49,0.02,0.0182,-4.0,156.0,788.0,1080.0
2021-10-27 13:54:49,0.02,0.0182,-4.0,156.0,790.0,1080.0
2021-10-27 13:55:50,0.02,0.0182,-4.0,156.0,790.0,1080.0
2021-10-27 13:56:50,0.02,0.0182,-4.0,156.0,788.0,1080.0
2021-10-27 13:57:51,0.02,0.0182,-4.0,156.0,789.0,1080.0
2021-10-27 13:58:51,0.02,0.0182,-4.0,156.0,788.0,1080.0
2021-10-27 13:59:52,0.02,0.0182,-4.0,156.0,788.0,1080.0
2021-10-27 14:00:52,0.02,0.0183,-4.0,156.0,788.0,1080.0
2021-10-27 14:01:53,0.02,0.0182,-4.0,156.0,788.0,1080.0
2021-10-27 14:02:54,0.02,0.0183,-4.0,156.0,789.0,1080.0
2021-10-27 14:03:54,0.02,0.0183,-4.0,156.0,789.0,1080.0
2021-10-27 14:04:55,0.02,0.0183,-4.0,156.0,789.0,1080.0
2021-10-27 14:05:55,0.02,0.0183,-4.0,156.0,789.0,1080.0
2021-10-27 14:06:56,0.02,0.0183,-4.0,156.0,789.0,1080.0
2021-10-27 14:07:56,0.02,0.0183,-4.0,156.0,788.0,1080.0
2021-10-27 14:08:57,0.02,0.0183,-4.0,156.0,789.0,1080.0
2021-10-27 14:09:57,0.02,0.0183,-4.0,156.0,788.0,1080.0
2021-10-27 14:10:58,0.02,0.0183,-4.0,156.0,789.0,1080.0
2021-10-27 14:11:58,0.02,0.0183,-4.0,156.0,788.0,1080.0
2021-10-27 14:12:59,0.02,0.0183,-4.0,156.0,790.0,1080.0
2021-10-27 14:13:59,0.02,0.0184,-4.0,156.0,789.0,1080.0
2021-10-27 14:15:00,0.02,0.0183,-4.0,156.0,789.0,1080.0
2021-10-27 14:16:00,0.02,0.0184,-4.0,156.0,788.0,1080.0
2021-10-27 14:17:01,0.02,0.0184,-4.0,156.0,790.0,1080.0
2021-10-27 14:18:01,0.02,0.0184,-4.0,156.0,788.0,1080.0
2021-10-27 14:19:02,0.02,0.0184,-4.0,156.0,788.0,1080.0
2021-10-27 14:20:02,0.02,0.0184,-4.0,156.0,790.0,1080.0
2021-10-27 14:21:03,0.02,0.0184,-4.0,156.0,788.0,1080.0
2021-10-27 14:22:03,0.02,0.0184,-4.0,156.0,789.0,1080.0
2021-10-27 14:23:04,0.02,0.0184,-4.0,156.0,788.0,1080.0
2021-10-27 14:24:05,0.02,0.0184,-4.0,156.0,789.0,1080.0
2021-10-27 14:25:05,0.02,0.0184,-4.0,156.0,789.0,1080.0
2021-10-27 14:26:06,0.02,0.0184,-4.0,156.0,788.0,1080.0
2021-10-27 14:27:06,0.02,0.0184,-4.0,156.0,788.0,1080.0
2021-10-27 14:28:06,0.02,0.0184,-4.0,156.0,788.0,1080.0
2021-10-27 14:29:07,0.02,0.0184,-4.0,156.0,788.0,1080.0
2021-10-27 14:30:07,0.02,0.0184,-4.0,156.0,789.0,1080.0
2021-10-27 14:31:08,0.02,0.0184,-4.0,156.0,789.0,1080.0
2021-10-27 14:32:09,0.02,0.0184,-4.0,156.0,789.0,1080.0
2021-10-27 14:33:09,0.02,0.0184,-4.0,156.0,788.0,1080.0
2021-10-27 14:34:10,0.02,0.0184,-4.0,156.0,790.0,1080.0
2021-10-27 14:35:10,0.02,0.0184,-4.0,156.0,788.0,1080.0
2021-10-27 14:36:11,0.02,0.0184,-3.0,156.0,788.0,1080.0
2021-10-27 14:37:11,0.02,0.0185,-4.0,156.0,789.0,1080.0
2021-10-27 14:38:12,0.02,0.0184,-4.0,156.0,790.0,1080.0
2021-10-27 14:39:12,0.02,0.0184,-4.0,156.0,791.0,1080.0
2021-10-27 14:40:13,0.02,0.0184,-3.0,156.0,790.0,1080.0
2021-10-27 14:41:13,0.02,0.0184,-4.0,156.0,790.0,1080.0
2021-10-27 14:42:14,0.02,0.0185,-4.0,156.0,790.0,1080.0
2021-10-27 14:43:14,0.02,0.0184,-4.0,156.0,790.0,1080.0
2021-10-27 14:44:15,0.02,0.0185,-4.0,156.0,790.0,1080.0
2021-10-27 14:45:15,0.02,0.0185,-4.0,156.0,790.0,1080.0
2021-10-27 14:46:16,0.02,0.0185,-4.0,156.0,790.0,1080.0
2021-10-27 14:47:16,0.02,0.0185,-4.0,156.0,789.0,1080.0
2021-10-27 14:48:17,0.02,0.0185,-4.0,156.0,790.0,1080.0
2021-10-27 14:49:17,0.02,0.0185,-3.0,156.0,790.0,1080.0
2021-10-27 14:50:18,0.02,0.0185,-4.0,156.0,790.0,1080.0
2021-10-27 14:51:19,0.02,0.0185,-4.0,156.0,790.0,1080.0
2021-10-27 14:52:19,0.02,0.0186,-4.0,156.0,790.0,1080.0
2021-10-27 14:53:20,0.02,0.0186,-4.0,156.0,791.0,1080.0
2021-10-27 14:54:20,0.02,0.0186,-3.0,156.0,790.0,1080.0
2021-10-27 14:55:21,0.02,0.0186,-4.0,156.0,790.0,1080.0
2021-10-27 14:56:21,0.02,0.0186,-4.0,156.0,790.0,1080.0
2021-10-27 14:57:22,0.02,0.0186,-4.0,156.0,790.0,1080.0
2021-10-27 14:58:22,0.02,0.0186,-4.0,156.0,790.0,1080.0
2021-10-27 14:59:23,0.02,0.0186,-4.0,156.0,790.0,1080.0
2021-10-27 15:00:23,0.02,0.0187,-4.0,156.0,791.0,1080.0
2021-10-27 15:01:24,0.02,0.0187,-4.0,156.0,789.0,1080.0
2021-10-27 15:02:24,0.02,0.0186,-4.0,156.0,790.0,1080.0
2021-10-27 15:03:25,0.02,0.0187,-4.0,156.0,790.0,1080.0
2021-10-27 15:04:25,0.02,0.0186,-4.0,156.0,790.0,1080.0
2021-10-27 15:05:26,0.02,0.0187,-4.0,156.0,791.0,1080.0
2021-10-27 15:06:26,0.02,0.0187,-4.0,156.0,790.0,1080.0
2021-10-27 15:07:27,0.02,0.0187,-3.0,156.0,790.0,1080.0
2021-10-27 15:08:27,0.02,0.0187,-4.0,156.0,791.0,1080.0
2021-10-27 15:09:28,0.02,0.0187,-4.0,156.0,791.0,1080.0
2021-10-27 15:10:28,0.02,0.0187,-4.0,156.0,790.0,1080.0
2021-10-27 15:11:29,0.02,0.0187,-3.0,156.0,789.0,1080.0
2021-10-27 15:12:29,0.02,0.0187,-4.0,156.0,791.0,1080.0
2021-10-27 15:13:30,0.02,0.0187,-4.0,156.0,790.0,1080.0
2021-10-27 15:14:30,0.02,0.0187,-4.0,156.0,791.0,1080.0
2021-10-27 15:15:31,0.02,0.0187,-3.0,156.0,790.0,1080.0
2021-10-27 15:16:31,0.02,0.0187,-4.0,156.0,791.0,1080.0
2021-10-27 15:17:32,0.02,0.0187,-4.0,156.0,790.0,1080.0
2021-10-27 15:18:32,0.02,0.0187,-3.0,156.0,790.0,1080.0
2021-10-27 15:19:33,0.02,0.0187,-4.0,156.0,790.0,1080.0
2021-10-27 15:20:33,0.02,0.0187,-3.0,156.0,790.0,1080.0
2021-10-27 15:21:34,0.02,0.0187,-3.0,156.0,790.0,1080.0
2021-10-27 15:22:34,0.02,0.0187,-3.0,156.0,790.0,1080.0
2021-10-27 15:23:35,0.02,0.0187,-3.0,156.0,790.0,1080.0
2021-10-27 15:24:35,0.02,0.0188,-4.0,156.0,790.0,1080.0
2021-10-27 15:25:36,0.02,0.0188,-3.0,156.0,790.0,1080.0
2021-10-27 15:26:36,0.02,0.0188,-4.0,156.0,790.0,1080.0
2021-10-27 15:27:37,0.02,0.0188,-3.0,156.0,790.0,1080.0
2021-10-27 15:28:37,0.02,0.0188,-4.0,156.0,790.0,1080.0
2021-10-27 15:29:38,0.02,0.0188,-3.0,156.0,790.0,1080.0
2021-10-27 15:30:38,0.02,0.0188,-4.0,156.0,790.0,1080.0
2021-10-27 15:31:39,0.02,0.0188,-3.0,156.0,790.0,1080.0
2021-10-27 15:32:39,0.02,0.0188,-3.0,156.0,788.0,1080.0
2021-10-27 15:33:40,0.02,0.0189,-4.0,156.0,790.0,1080.0
2021-10-27 15:34:40,0.02,0.0188,-4.0,156.0,790.0,1080.0
2021-10-27 15:35:41,0.02,0.0189,-3.0,156.0,790.0,1080.0
2021-10-27 15:36:42,0.02,0.0189,-3.0,156.0,791.0,1080.0
2021-10-27 15:37:42,0.02,0.0189,-4.0,156.0,790.0,1080.0
2021-10-27 15:38:43,0.02,0.0189,-3.0,156.0,791.0,1080.0
2021-10-27 15:39:43,0.02,0.0189,-3.0,156.0,790.0,1080.0
2021-10-27 15:40:43,0.02,0.0189,-4.0,156.0,791.0,1080.0
2021-10-27 15:41:44,0.02,0.0189,-4.0,156.0,789.0,1080.0
2021-10-27 15:42:44,0.02,0.0189,-4.0,156.0,790.0,1080.0
2021-10-27 15:43:45,0.02,0.019,-4.0,156.0,790.0,1080.0
2021-10-27 15:44:45,0.02,0.019,-3.0,156.0,790.0,1080.0
2021-10-27 15:45:46,0.02,0.019,-3.0,156.0,790.0,1080.0
2021-10-27 15:46:47,0.02,0.019,-3.0,156.0,791.0,1080.0
2021-10-27 15:47:47,0.02,0.019,-3.0,156.0,790.0,1080.0
2021-10-27 15:48:48,0.02,0.019,-4.0,156.0,790.0,1080.0
2021-10-27 15:49:48,0.02,0.019,-4.0,156.0,790.0,1080.0
2021-10-27 15:50:49,0.02,0.019,-4.0,156.0,791.0,1080.0
2021-10-27 15:51:49,0.02,0.019,-4.0,156.0,790.0,1080.0
2021-10-27 15:52:50,0.02,0.019,-3.0,156.0,790.0,1080.0
2021-10-27 15:53:50,0.02,0.0191,-4.0,156.0,790.0,1080.0
2021-10-27 15:54:51,0.02,0.0191,-3.0,156.0,790.0,1080.0
2021-10-27 15:55:51,0.02,0.019,-4.0,156.0,790.0,1080.0
2021-10-27 15:56:52,0.02,0.0191,-4.0,156.0,790.0,1080.0
2021-10-27 15:57:52,0.02,0.0191,-4.0,156.0,790.0,1080.0
2021-10-27 15:58:53,0.02,0.0191,-4.0,156.0,791.0,1080.0
2021-10-27 15:59:53,0.02,0.0191,-4.0,156.0,790.0,1080.0
2021-10-27 16:00:54,0.02,0.0191,-4.0,156.0,790.0,1080.0
2021-10-27 16:01:55,0.02,0.0191,-3.0,156.0,790.0,1080.0
2021-10-27 16:02:55,0.02,0.0191,-3.0,156.0,790.0,1080.0
2021-10-27 16:03:56,0.02,0.0191,-3.0,156.0,791.0,1080.0
2021-10-27 16:04:56,0.02,0.0191,-4.0,156.0,791.0,1080.0
2021-10-27 16:05:57,0.02,0.0191,-3.0,156.0,790.0,1080.0
2021-10-27 16:06:57,0.02,0.0191,-3.0,156.0,790.0,1080.0
2021-10-27 16:07:58,0.02,0.0191,-4.0,156.0,791.0,1080.0
2021-10-27 16:08:58,0.02,0.0191,-3.0,156.0,790.0,1080.0
2021-10-27 16:09:59,0.02,0.0191,-3.0,156.0,790.0,1080.0
2021-10-27 16:10:59,0.02,0.0191,-4.0,156.0,790.0,1080.0
2021-10-27 16:12:00,0.02,0.0191,-3.0,156.0,790.0,1080.0
2021-10-27 16:13:00,0.02,0.0191,-4.0,156.0,790.0,1080.0
2021-10-27 16:14:00,0.02,0.0191,-3.0,156.0,791.0,1080.0
2021-10-27 16:15:01,0.02,0.0191,-4.0,156.0,790.0,1080.0
2021-10-27 16:16:01,0.02,0.0191,-3.0,156.0,790.0,1080.0
2021-10-27 16:17:02,0.02,0.0191,-4.0,156.0,790.0,1080.0
2021-10-27 16:18:02,0.02,0.0192,-4.0,156.0,790.0,1080.0
2021-10-27 16:19:03,0.02,0.0192,-4.0,156.0,790.0,1080.0
2021-10-27 16:20:03,0.02,0.0192,-4.0,156.0,790.0,1080.0
2021-10-27 16:21:04,0.02,0.0192,-3.0,156.0,790.0,1080.0
2021-10-27 16:22:04,0.02,0.0192,-3.0,156.0,790.0,1080.0
2021-10-27 16:23:04,0.02,0.0192,-4.0,156.0,790.0,1080.0
2021-10-27 16:24:05,0.02,0.0192,-4.0,156.0,790.0,1080.0
2021-10-27 16:25:05,0.02,0.0192,-3.0,156.0,790.0,1080.0
2021-10-27 16:26:06,0.02,0.0192,-3.0,156.0,790.0,1080.0
2021-10-27 16:27:06,0.02,0.0192,-3.0,156.0,791.0,1080.0
2021-10-27 16:28:07,0.02,0.0192,-4.0,156.0,790.0,1080.0
2021-10-27 16:29:07,0.02,0.0193,-4.0,156.0,790.0,1080.0
2021-10-27 16:30:08,0.02,0.0193,-3.0,156.0,790.0,1080.0
2021-10-27 16:31:08,0.02,0.0193,-4.0,156.0,789.0,1080.0
2021-10-27 16:32:09,0.02,0.0193,-3.0,156.0,791.0,1080.0
2021-10-27 16:33:09,0.02,0.0193,-3.0,156.0,791.0,1080.0
2021-10-27 16:34:10,0.02,0.0193,-4.0,156.0,790.0,1080.0
2021-10-27 16:35:10,0.02,0.0193,-4.0,156.0,791.0,1080.0
2021-10-27 16:36:11,0.02,0.0193,-4.0,156.0,790.0,1080.0
2021-10-27 16:37:11,0.02,0.0193,-3.0,156.0,790.0,1080.0
2021-10-27 16:38:11,0.02,0.0193,-4.0,156.0,790.0,1080.0
2021-10-27 16:39:12,0.02,0.0193,-4.0,156.0,790.0,1080.0
2021-10-27 16:40:13,0.02,0.0193,-3.0,156.0,791.0,1080.0
2021-10-27 16:41:13,0.02,0.0193,-4.0,156.0,790.0,1080.0
2021-10-27 16:42:13,0.02,0.0193,-4.0,156.0,790.0,1080.0
2021-10-27 16:43:14,0.02,0.0193,-3.0,156.0,790.0,1080.0
2021-10-27 16:44:15,0.02,0.0194,-3.0,156.0,790.0,1080.0
2021-10-27 16:45:15,0.02,0.0193,-4.0,156.0,790.0,1080.0
2021-10-27 16:46:16,0.02,0.0193,-4.0,156.0,790.0,1080.0
2021-10-27 16:47:16,0.02,0.0193,-4.0,156.0,790.0,1080.0
2021-10-27 16:48:16,0.02,0.0193,-3.0,156.0,790.0,1080.0
2021-10-27 16:49:17,0.02,0.0194,-4.0,156.0,790.0,1080.0
2021-10-27 16:50:17,0.02,0.0194,-3.0,156.0,790.0,1080.0
2021-10-27 16:51:18,0.02,0.0193,-4.0,156.0,790.0,1080.0
2021-10-27 16:52:19,0.02,0.0193,-4.0,156.0,790.0,1080.0
2021-10-27 16:53:19,0.02,0.0194,-4.0,156.0,790.0,1080.0
2021-10-27 16:54:20,0.02,0.0194,-4.0,156.0,790.0,1080.0
2021-10-27 16:55:20,0.02,0.0194,-3.0,156.0,790.0,1080.0
2021-10-27 16:56:21,0.02,0.0194,-3.0,156.0,790.0,1080.0
2021-10-27 16:57:21,0.02,0.0194,-3.0,156.0,790.0,1080.0
2021-10-27 16:58:22,0.02,0.0194,-3.0,156.0,790.0,1080.0
2021-10-27 16:59:22,0.02,0.0194,-4.0,156.0,791.0,1080.0
2021-10-27 17:00:23,0.02,0.0194,-3.0,156.0,790.0,1080.0
2021-10-27 17:01:23,0.02,0.0194,-3.0,156.0,790.0,1080.0
2021-10-27 17:02:24,0.02,0.0194,-4.0,156.0,790.0,1080.0
2021-10-27 17:03:25,0.02,0.0194,-3.0,156.0,791.0,1080.0
2021-10-27 17:04:25,0.02,0.0195,-4.0,156.0,790.0,1080.0
2021-10-27 17:05:26,0.02,0.0195,-3.0,156.0,790.0,1080.0
2021-10-27 17:06:26,0.02,0.0195,-3.0,155.0,790.0,1080.0
2021-10-27 17:07:27,0.02,0.0195,-3.0,156.0,790.0,1080.0
2021-10-27 17:08:27,0.02,0.0195,-4.0,156.0,790.0,1080.0
2021-10-27 17:09:28,0.02,0.0195,-4.0,156.0,790.0,1080.0
2021-10-27 17:10:28,0.02,0.0195,-3.0,155.0,790.0,1080.0
2021-10-27 17:11:29,0.02,0.0195,-3.0,156.0,791.0,1080.0
2021-10-27 17:12:29,0.02,0.0196,-4.0,156.0,791.0,1080.0
2021-10-27 17:13:30,0.02,0.0196,-3.0,156.0,791.0,1080.0
2021-10-27 17:14:30,0.02,0.0195,-4.0,156.0,791.0,1080.0
2021-10-27 17:15:31,0.02,0.0196,-4.0,155.0,791.0,1080.0
2021-10-27 17:16:31,0.02,0.0196,-4.0,156.0,791.0,1080.0
2021-10-27 17:17:32,0.02,0.0196,-3.0,156.0,791.0,1080.0
2021-10-27 17:18:32,0.02,0.0196,-4.0,155.0,791.0,1080.0
2021-10-27 17:19:32,0.02,0.0196,-3.0,155.0,792.0,1080.0
2021-10-27 17:20:33,0.02,0.0196,-3.0,156.0,791.0,1080.0
2021-10-27 17:21:33,0.02,0.0196,-4.0,156.0,790.0,1080.0
2021-10-27 17:22:34,0.02,0.0196,-3.0,156.0,790.0,1080.0
2021-10-27 17:23:34,0.02,0.0197,-3.0,156.0,790.0,1080.0
2021-10-27 17:24:35,0.02,0.0196,-4.0,156.0,790.0,1080.0
2021-10-27 17:25:36,0.02,0.0196,-3.0,156.0,790.0,1080.0
2021-10-27 17:26:36,0.02,0.0196,-3.0,156.0,790.0,1080.0
2021-10-27 17:27:37,0.02,0.0196,-4.0,156.0,790.0,1080.0
2021-10-27 17:28:37,0.02,0.0197,-4.0,156.0,790.0,1080.0
2021-10-27 17:29:38,0.02,0.0196,-3.0,156.0,789.0,1080.0
2021-10-27 17:30:38,0.02,0.0196,-3.0,156.0,790.0,1080.0
2021-10-27 17:31:39,0.02,0.0197,-3.0,156.0,790.0,1080.0
2021-10-27 17:32:39,0.02,0.0197,-4.0,156.0,790.0,1080.0
2021-10-27 17:33:40,0.02,0.0197,-4.0,156.0,790.0,1080.0
2021-10-27 17:34:40,0.02,0.0197,-3.0,156.0,790.0,1080.0
2021-10-27 17:35:41,0.02,0.0197,-4.0,156.0,790.0,1080.0
2021-10-27 17:36:41,0.02,0.0197,-3.0,156.0,790.0,1080.0
2021-10-27 17:37:42,0.02,0.0197,-3.0,155.0,791.0,1080.0
2021-10-27 17:38:42,0.02,0.0197,-3.0,155.0,790.0,1080.0
2021-10-27 17:39:43,0.02,0.0197,-3.0,156.0,790.0,1080.0
2021-10-27 17:40:43,0.02,0.0197,-4.0,156.0,790.0,1080.0
2021-10-27 17:41:44,0.02,0.0197,-3.0,156.0,790.0,1080.0
2021-10-27 17:42:44,0.02,0.0197,-3.0,156.0,791.0,1080.0
2021-10-27 17:43:45,0.02,0.0197,-3.0,156.0,790.0,1080.0
2021-10-27 17:44:45,0.02,0.0198,-4.0,156.0,790.0,1080.0
2021-10-27 17:45:46,0.02,0.0197,-3.0,155.0,790.0,1080.0
2021-10-27 17:46:46,0.02,0.0198,-4.0,155.0,790.0,1080.0
2021-10-27 17:47:47,0.02,0.0197,-3.0,156.0,790.0,1080.0
2021-10-27 17:48:47,0.02,0.0198,-3.0,156.0,790.0,1080.0
2021-10-27 17:49:48,0.02,0.0198,-3.0,155.0,790.0,1080.0
2021-10-27 17:50:48,0.02,0.0198,-3.0,156.0,790.0,1080.0
2021-10-27 17:51:49,0.02,0.0198,-3.0,155.0,790.0,1080.0
2021-10-27 17:52:49,0.02,0.0198,-3.0,156.0,790.0,1080.0
2021-10-27 17:53:50,0.02,0.0198,-4.0,156.0,790.0,1080.0
2021-10-27 17:54:50,0.02,0.0198,-3.0,156.0,789.0,1080.0
2021-10-27 17:55:51,0.02,0.0198,-4.0,155.0,790.0,1080.0
2021-10-27 17:56:52,0.02,0.0198,-3.0,155.0,790.0,1080.0
2021-10-27 17:57:52,0.02,0.0198,-4.0,155.0,790.0,1080.0
2021-10-27 17:58:53,0.02,0.0198,-3.0,155.0,790.0,1080.0
2021-10-27 17:59:53,0.02,0.0198,-3.0,155.0,790.0,1080.0
2021-10-27 18:00:54,0.02,0.0198,-4.0,155.0,790.0,1030.0
2021-10-27 18:01:54,0.02,0.0198,-4.0,155.0,790.0,572.0
2021-10-27 18:02:55,0.02,0.0198,-3.0,156.0,790.0,318.0
2021-10-27 18:03:55,0.02,0.0198,-3.0,156.0,790.0,174.0
2021-10-27 18:04:56,0.02,0.0199,-4.0,156.0,790.0,96.5
2021-10-27 18:05:56,0.02,0.0199,-4.0,156.0,790.0,53.1
2021-10-27 18:06:57,0.02,0.0199,-4.0,155.0,790.0,29.6
2021-10-27 18:07:57,0.02,0.0199,-3.0,155.0,790.0,16.9
2021-10-27 18:08:58,0.02,0.0199,-4.0,156.0,790.0,10.3
2021-10-27 18:09:58,0.02,0.0199,-3.0,156.0,791.0,7.01
2021-10-27 18:10:59,0.02,0.0199,-3.0,156.0,790.0,4.97
2021-10-27 18:11:59,0.02,0.0199,-3.0,155.0,789.0,3.73
2021-10-27 18:13:00,0.02,0.0199,-4.0,156.0,790.0,3.02
2021-10-27 18:14:00,0.02,0.0199,-3.0,156.0,790.0,2.5
2021-10-27 18:15:01,0.02,0.02,-3.0,156.0,790.0,2.21
2021-10-27 18:16:01,0.02,0.02,-4.0,156.0,791.0,1.96
2021-10-27 18:17:02,1.61,0.02,-4.0,156.0,791.0,1.75
2021-10-27 18:18:03,1.6,0.02,-4.0,156.0,790.0,1.73
2021-10-27 18:19:03,1.09,0.02,-4.0,156.0,791.0,1.16
2021-10-27 18:20:04,0.439,0.02,-3.0,156.0,790.0,0.428
2021-10-27 18:21:05,0.165,0.02,-3.0,156.0,791.0,0.11699999999999999
2021-10-27 18:22:06,0.135,0.02,-4.0,156.0,790.0,0.0909
2021-10-27 18:23:06,0.121,0.02,-4.0,156.0,791.0,0.0804
2021-10-27 18:24:07,0.113,0.02,-3.0,156.0,790.0,0.0728
