datetime,T2
2021-10-27 00:00:20,293.781
2021-10-27 00:01:00,293.774
2021-10-27 00:01:40,293.766
2021-10-27 00:02:20,293.775
2021-10-27 00:03:00,293.781
2021-10-27 00:03:41,293.781
2021-10-27 00:04:21,293.773
2021-10-27 00:05:01,293.769
2021-10-27 00:05:41,293.771
2021-10-27 00:06:21,293.762
2021-10-27 00:07:01,293.762
2021-10-27 00:07:41,293.772
2021-10-27 00:08:22,293.752
2021-10-27 00:09:02,293.75
2021-10-27 00:09:42,293.744
2021-10-27 00:10:22,293.744
2021-10-27 00:11:02,293.759
2021-10-27 00:11:42,293.742
2021-10-27 00:12:23,293.751
2021-10-27 00:13:03,293.736
2021-10-27 00:13:43,293.736
2021-10-27 00:14:23,293.745
2021-10-27 00:15:03,293.738
2021-10-27 00:15:44,293.739
2021-10-27 00:16:24,293.745
2021-10-27 00:17:04,293.745
2021-10-27 00:17:44,293.736
2021-10-27 00:18:24,293.724
2021-10-27 00:19:04,293.723
2021-10-27 00:19:45,293.726
2021-10-27 00:20:25,293.726
2021-10-27 00:21:05,293.737
2021-10-27 00:21:45,293.721
2021-10-27 00:22:25,293.718
2021-10-27 00:23:05,293.705
2021-10-27 00:23:46,293.705
2021-10-27 00:24:26,293.721
2021-10-27 00:25:06,293.709
2021-10-27 00:25:46,293.719
2021-10-27 00:26:26,293.704
2021-10-27 00:27:06,293.704
2021-10-27 00:27:47,293.71
2021-10-27 00:28:27,293.703
2021-10-27 00:29:07,293.697
2021-10-27 00:29:47,293.7
2021-10-27 00:30:27,293.7
2021-10-27 00:31:07,293.676
2021-10-27 00:31:48,293.697
2021-10-27 00:32:28,293.682
2021-10-27 00:33:08,293.684
2021-10-27 00:33:48,293.684
2021-10-27 00:34:28,293.684
2021-10-27 00:35:08,293.691
2021-10-27 00:35:48,293.681
2021-10-27 00:36:29,293.68
2021-10-27 00:37:09,293.68
2021-10-27 00:37:49,293.683
2021-10-27 00:38:29,293.677
2021-10-27 00:39:10,293.666
2021-10-27 00:39:50,293.658
2021-10-27 00:40:30,293.682
2021-10-27 00:41:10,293.682
2021-10-27 00:41:50,293.663
2021-10-27 00:42:30,293.667
2021-10-27 00:43:10,293.667
2021-10-27 00:43:51,293.654
2021-10-27 00:44:31,293.654
2021-10-27 00:45:11,293.648
2021-10-27 00:45:51,293.651
2021-10-27 00:46:31,293.645
2021-10-27 00:47:12,293.645
2021-10-27 00:47:52,293.645
2021-10-27 00:48:32,293.632
2021-10-27 00:49:12,293.638
2021-10-27 00:49:52,293.632
2021-10-27 00:50:32,293.628
2021-10-27 00:51:13,293.628
2021-10-27 00:51:53,293.63
2021-10-27 00:52:33,293.618
2021-10-27 00:53:13,293.61
2021-10-27 00:53:53,293.614
2021-10-27 00:54:33,293.614
2021-10-27 00:55:14,293.604
2021-10-27 00:55:54,293.614
2021-10-27 00:56:34,293.617
2021-10-27 00:57:14,293.602
2021-10-27 00:57:54,293.602
2021-10-27 00:58:35,293.61
2021-10-27 00:59:15,293.611
2021-10-27 00:59:55,293.613
2021-10-27 01:00:35,293.596
2021-10-27 01:01:15,293.596
2021-10-27 01:01:56,293.604
2021-10-27 01:02:36,293.59
2021-10-27 01:03:16,293.586
2021-10-27 01:03:56,293.594
2021-10-27 01:04:36,293.594
2021-10-27 01:05:17,293.586
2021-10-27 01:05:57,293.592
2021-10-27 01:06:37,293.59
2021-10-27 01:07:17,293.57
2021-10-27 01:07:57,293.57
2021-10-27 01:08:38,293.586
2021-10-27 01:09:18,293.571
2021-10-27 01:09:58,293.581
2021-10-27 01:10:38,293.573
2021-10-27 01:11:18,293.573
2021-10-27 01:11:58,293.565
2021-10-27 01:12:38,293.561
2021-10-27 01:13:19,293.559
2021-10-27 01:13:59,293.568
2021-10-27 01:14:39,293.568
2021-10-27 01:15:19,293.574
2021-10-27 01:15:59,293.566
2021-10-27 01:16:40,293.568
2021-10-27 01:17:20,293.557
2021-10-27 01:18:00,293.537
2021-10-27 01:18:40,293.537
2021-10-27 01:19:20,293.556
2021-10-27 01:20:01,293.558
2021-10-27 01:20:41,293.554
2021-10-27 01:21:21,293.548
2021-10-27 01:22:01,293.548
2021-10-27 01:22:41,293.549
2021-10-27 01:23:21,293.551
2021-10-27 01:24:02,293.549
2021-10-27 01:24:42,293.548
2021-10-27 01:25:22,293.548
2021-10-27 01:26:02,293.534
2021-10-27 01:26:42,293.529
2021-10-27 01:27:23,293.538
2021-10-27 01:28:03,293.531
2021-10-27 01:28:43,293.531
2021-10-27 01:29:23,293.531
2021-10-27 01:30:03,293.525
2021-10-27 01:30:44,293.531
2021-10-27 01:31:24,293.53
2021-10-27 01:32:04,293.53
2021-10-27 01:32:44,293.529
2021-10-27 01:33:24,293.522
2021-10-27 01:34:05,293.521
2021-10-27 01:34:45,293.516
2021-10-27 01:35:25,293.516
2021-10-27 01:36:05,293.544
2021-10-27 01:36:45,293.518
2021-10-27 01:37:26,293.514
2021-10-27 01:38:06,293.507
2021-10-27 01:38:46,293.507
2021-10-27 01:39:26,293.509
2021-10-27 01:40:06,293.513
2021-10-27 01:40:46,293.521
2021-10-27 01:41:27,293.513
2021-10-27 01:42:07,293.513
2021-10-27 01:42:47,293.504
2021-10-27 01:43:27,293.498
2021-10-27 01:44:07,293.505
2021-10-27 01:44:48,293.512
2021-10-27 01:45:28,293.512
2021-10-27 01:46:08,293.506
2021-10-27 01:46:48,293.496
2021-10-27 01:47:28,293.496
2021-10-27 01:48:09,293.499
2021-10-27 01:48:49,293.499
2021-10-27 01:49:29,293.495
2021-10-27 01:50:09,293.49
2021-10-27 01:50:49,293.492
2021-10-27 01:51:29,293.488
2021-10-27 01:52:10,293.488
2021-10-27 01:52:50,293.479
2021-10-27 01:53:30,293.49
2021-10-27 01:54:10,293.488
2021-10-27 01:54:51,293.491
2021-10-27 01:55:31,293.479
2021-10-27 01:56:11,293.479
2021-10-27 01:56:51,293.466
2021-10-27 01:57:31,293.477
2021-10-27 01:58:11,293.476
2021-10-27 01:58:52,293.471
2021-10-27 01:59:32,293.471
2021-10-27 02:00:12,293.476
2021-10-27 02:00:52,293.482
2021-10-27 02:01:32,293.47
2021-10-27 02:02:13,293.479
2021-10-27 02:02:53,293.479
2021-10-27 02:03:33,293.474
2021-10-27 02:04:13,293.468
2021-10-27 02:04:53,293.468
2021-10-27 02:05:34,293.476
2021-10-27 02:06:14,293.476
2021-10-27 02:06:54,293.456
2021-10-27 02:07:34,293.46
2021-10-27 02:08:14,293.477
2021-10-27 02:08:54,293.467
2021-10-27 02:09:35,293.467
2021-10-27 02:10:15,293.48
2021-10-27 02:10:55,293.454
2021-10-27 02:11:35,293.463
2021-10-27 02:12:15,293.459
2021-10-27 02:12:56,293.459
2021-10-27 02:13:36,293.455
2021-10-27 02:14:16,293.466
2021-10-27 02:14:56,293.444
2021-10-27 02:15:36,293.438
2021-10-27 02:16:16,293.438
2021-10-27 02:16:57,293.441
2021-10-27 02:17:37,293.452
2021-10-27 02:18:17,293.432
2021-10-27 02:18:57,293.447
2021-10-27 02:19:37,293.447
2021-10-27 02:20:18,293.437
2021-10-27 02:20:58,293.441
2021-10-27 02:21:38,293.445
2021-10-27 02:22:18,293.436
2021-10-27 02:22:58,293.436
2021-10-27 02:23:39,293.434
2021-10-27 02:24:19,293.436
2021-10-27 02:24:59,293.447
2021-10-27 02:25:39,293.449
2021-10-27 02:26:19,293.449
2021-10-27 02:26:59,293.438
2021-10-27 02:27:40,293.437
2021-10-27 02:28:20,293.434
2021-10-27 02:29:00,293.437
2021-10-27 02:29:40,293.437
2021-10-27 02:30:20,293.427
2021-10-27 02:31:00,293.425
2021-10-27 02:31:40,293.431
2021-10-27 02:32:21,293.44
2021-10-27 02:33:01,293.44
2021-10-27 02:33:41,293.435
2021-10-27 02:34:21,293.438
2021-10-27 02:35:01,293.412
2021-10-27 02:35:42,293.435
2021-10-27 02:36:22,293.418
2021-10-27 02:37:02,293.418
2021-10-27 02:37:42,293.428
2021-10-27 02:38:22,293.429
2021-10-27 02:39:02,293.42
2021-10-27 02:39:43,293.418
2021-10-27 02:40:23,293.418
2021-10-27 02:41:03,293.422
2021-10-27 02:41:43,293.408
2021-10-27 02:42:23,293.415
2021-10-27 02:43:03,293.406
2021-10-27 02:43:44,293.406
2021-10-27 02:44:24,293.412
2021-10-27 02:45:04,293.409
2021-10-27 02:45:44,293.398
2021-10-27 02:46:24,293.412
2021-10-27 02:47:04,293.412
2021-10-27 02:47:45,293.41
2021-10-27 02:48:25,293.417
2021-10-27 02:49:05,293.419
2021-10-27 02:49:45,293.399
2021-10-27 02:50:25,293.399
2021-10-27 02:51:05,293.396
2021-10-27 02:51:46,293.407
2021-10-27 02:52:26,293.406
2021-10-27 02:53:06,293.411
2021-10-27 02:53:46,293.411
2021-10-27 02:54:26,293.407
2021-10-27 02:55:07,293.406
2021-10-27 02:55:47,293.405
2021-10-27 02:56:27,293.401
2021-10-27 02:57:07,293.401
2021-10-27 02:57:47,293.395
2021-10-27 02:58:28,293.413
2021-10-27 02:59:08,293.398
2021-10-27 02:59:48,293.408
2021-10-27 03:00:28,293.408
2021-10-27 03:01:08,293.405
2021-10-27 03:01:49,293.399
2021-10-27 03:02:29,293.399
2021-10-27 03:03:09,293.405
2021-10-27 03:03:49,293.405
2021-10-27 03:04:29,293.393
2021-10-27 03:05:10,293.389
2021-10-27 03:05:50,293.395
2021-10-27 03:06:30,293.374
2021-10-27 03:07:10,293.374
2021-10-27 03:07:50,293.391
2021-10-27 03:08:31,293.4
2021-10-27 03:09:11,293.387
2021-10-27 03:09:51,293.393
2021-10-27 03:10:31,293.393
2021-10-27 03:11:11,293.393
2021-10-27 03:11:51,293.385
2021-10-27 03:12:32,293.391
2021-10-27 03:13:12,293.366
2021-10-27 03:13:52,293.384
2021-10-27 03:14:32,293.384
2021-10-27 03:15:13,293.381
2021-10-27 03:15:53,293.375
2021-10-27 03:16:33,293.391
2021-10-27 03:17:13,293.38
2021-10-27 03:17:53,293.38
2021-10-27 03:18:33,293.381
2021-10-27 03:19:13,293.373
2021-10-27 03:19:54,293.388
2021-10-27 03:20:34,293.373
2021-10-27 03:21:14,293.373
2021-10-27 03:21:54,293.378
2021-10-27 03:22:34,293.37
2021-10-27 03:23:15,293.376
2021-10-27 03:23:55,293.365
2021-10-27 03:24:35,293.365
2021-10-27 03:25:15,293.37
2021-10-27 03:25:55,293.363
2021-10-27 03:26:35,293.364
2021-10-27 03:27:16,293.361
2021-10-27 03:27:56,293.361
2021-10-27 03:28:36,293.365
2021-10-27 03:29:16,293.365
2021-10-27 03:29:56,293.359
2021-10-27 03:30:37,293.374
2021-10-27 03:31:17,293.374
2021-10-27 03:31:57,293.362
2021-10-27 03:32:37,293.353
2021-10-27 03:33:17,293.375
2021-10-27 03:33:58,293.361
2021-10-27 03:34:38,293.361
2021-10-27 03:35:18,293.358
2021-10-27 03:35:58,293.365
2021-10-27 03:36:38,293.358
2021-10-27 03:37:19,293.357
2021-10-27 03:37:59,293.357
2021-10-27 03:38:39,293.361
2021-10-27 03:39:19,293.349
2021-10-27 03:39:59,293.36
2021-10-27 03:40:40,293.354
2021-10-27 03:41:20,293.354
2021-10-27 03:42:00,293.349
2021-10-27 03:42:40,293.348
2021-10-27 03:43:20,293.34
2021-10-27 03:44:01,293.349
2021-10-27 03:44:41,293.349
2021-10-27 03:45:21,293.357
2021-10-27 03:46:01,293.347
2021-10-27 03:46:41,293.348
2021-10-27 03:47:21,293.342
2021-10-27 03:48:02,293.342
2021-10-27 03:48:42,293.336
2021-10-27 03:49:22,293.334
2021-10-27 03:50:02,293.344
2021-10-27 03:50:42,293.351
2021-10-27 03:51:23,293.343
2021-10-27 03:52:03,293.343
2021-10-27 03:52:43,293.324
2021-10-27 03:53:23,293.344
2021-10-27 03:54:03,293.339
2021-10-27 03:54:44,293.337
2021-10-27 03:55:24,293.337
2021-10-27 03:56:04,293.338
2021-10-27 03:56:44,293.331
2021-10-27 03:57:24,293.342
2021-10-27 03:58:04,293.332
2021-10-27 03:58:45,293.332
2021-10-27 03:59:25,293.337
2021-10-27 04:00:05,293.331
2021-10-27 04:00:45,293.33
2021-10-27 04:01:25,293.324
2021-10-27 04:02:05,293.324
2021-10-27 04:02:45,293.334
2021-10-27 04:03:26,293.328
2021-10-27 04:04:06,293.337
2021-10-27 04:04:46,293.322
2021-10-27 04:05:26,293.322
2021-10-27 04:06:06,293.327
2021-10-27 04:06:47,293.316
2021-10-27 04:07:27,293.318
2021-10-27 04:08:07,293.321
2021-10-27 04:08:47,293.321
2021-10-27 04:09:27,293.313
2021-10-27 04:10:08,293.322
2021-10-27 04:10:48,293.302
2021-10-27 04:11:28,293.317
2021-10-27 04:12:08,293.317
2021-10-27 04:12:48,293.312
2021-10-27 04:13:28,293.321
2021-10-27 04:14:09,293.32
2021-10-27 04:14:49,293.318
2021-10-27 04:15:29,293.318
2021-10-27 04:16:09,293.312
2021-10-27 04:16:49,293.311
2021-10-27 04:17:29,293.301
2021-10-27 04:18:10,293.31
2021-10-27 04:18:50,293.31
2021-10-27 04:19:30,293.297
2021-10-27 04:20:10,293.299
2021-10-27 04:20:50,293.306
2021-10-27 04:21:31,293.308
2021-10-27 04:22:11,293.308
2021-10-27 04:22:51,293.288
2021-10-27 04:23:31,293.301
2021-10-27 04:24:11,293.304
2021-10-27 04:24:52,293.307
2021-10-27 04:25:32,293.307
2021-10-27 04:26:12,293.296
2021-10-27 04:26:52,293.303
2021-10-27 04:27:32,293.292
2021-10-27 04:28:13,293.296
2021-10-27 04:28:53,293.294
2021-10-27 04:29:33,293.294
2021-10-27 04:30:13,293.287
2021-10-27 04:30:54,293.284
2021-10-27 04:31:34,293.291
2021-10-27 04:32:14,293.294
2021-10-27 04:32:54,293.294
2021-10-27 04:33:34,293.3
2021-10-27 04:34:15,293.29
2021-10-27 04:34:55,293.278
2021-10-27 04:35:35,293.276
2021-10-27 04:36:15,293.276
2021-10-27 04:36:55,293.284
2021-10-27 04:37:36,293.297
2021-10-27 04:38:16,293.284
2021-10-27 04:38:56,293.278
2021-10-27 04:39:36,293.278
2021-10-27 04:40:16,293.266
2021-10-27 04:40:56,293.276
2021-10-27 04:41:37,293.286
2021-10-27 04:42:17,293.275
2021-10-27 04:42:57,293.275
2021-10-27 04:43:37,293.273
2021-10-27 04:44:17,293.269
2021-10-27 04:44:57,293.286
2021-10-27 04:45:38,293.279
2021-10-27 04:46:18,293.279
2021-10-27 04:46:58,293.288
2021-10-27 04:47:38,293.279
2021-10-27 04:48:18,293.256
2021-10-27 04:48:58,293.26
2021-10-27 04:49:39,293.26
2021-10-27 04:50:19,293.257
2021-10-27 04:50:59,293.266
2021-10-27 04:51:39,293.26
2021-10-27 04:52:19,293.254
2021-10-27 04:52:59,293.254
2021-10-27 04:53:40,293.269
2021-10-27 04:54:20,293.253
2021-10-27 04:55:00,293.265
2021-10-27 04:55:40,293.268
2021-10-27 04:56:20,293.268
2021-10-27 04:57:01,293.253
2021-10-27 04:57:41,293.26
2021-10-27 04:58:21,293.265
2021-10-27 04:59:01,293.264
2021-10-27 04:59:41,293.264
2021-10-27 05:00:22,293.26
2021-10-27 05:01:02,293.248
2021-10-27 05:01:42,293.25
2021-10-27 05:02:22,293.26
2021-10-27 05:03:02,293.26
2021-10-27 05:03:43,293.253
2021-10-27 05:04:23,293.243
2021-10-27 05:05:03,293.234
2021-10-27 05:05:43,293.249
2021-10-27 05:06:23,293.242
2021-10-27 05:07:04,293.242
2021-10-27 05:07:44,293.243
2021-10-27 05:08:24,293.242
2021-10-27 05:09:04,293.24
2021-10-27 05:09:44,293.242
2021-10-27 05:10:25,293.242
2021-10-27 05:11:05,293.239
2021-10-27 05:11:45,293.229
2021-10-27 05:12:25,293.232
2021-10-27 05:13:05,293.227
2021-10-27 05:13:45,293.227
2021-10-27 05:14:26,293.234
2021-10-27 05:15:06,293.236
2021-10-27 05:15:46,293.224
2021-10-27 05:16:26,293.23
2021-10-27 05:17:06,293.23
2021-10-27 05:17:46,293.241
2021-10-27 05:18:27,293.22
2021-10-27 05:19:07,293.223
2021-10-27 05:19:47,293.219
2021-10-27 05:20:27,293.219
2021-10-27 05:21:07,293.231
2021-10-27 05:21:48,293.226
2021-10-27 05:22:28,293.227
2021-10-27 05:23:08,293.213
2021-10-27 05:23:48,293.213
2021-10-27 05:24:28,293.222
2021-10-27 05:25:08,293.216
2021-10-27 05:25:49,293.208
2021-10-27 05:26:29,293.211
2021-10-27 05:27:09,293.211
2021-10-27 05:27:49,293.211
2021-10-27 05:28:29,293.224
2021-10-27 05:29:09,293.208
2021-10-27 05:29:50,293.201
2021-10-27 05:30:30,293.201
2021-10-27 05:31:10,293.21
2021-10-27 05:31:50,293.223
2021-10-27 05:32:30,293.213
2021-10-27 05:33:11,293.21
2021-10-27 05:33:51,293.21
2021-10-27 05:34:31,293.19
2021-10-27 05:35:11,293.196
2021-10-27 05:35:51,293.197
2021-10-27 05:36:31,293.203
2021-10-27 05:37:11,293.203
2021-10-27 05:37:52,293.183
2021-10-27 05:38:32,293.198
2021-10-27 05:39:12,293.18
2021-10-27 05:39:52,293.184
2021-10-27 05:40:32,293.184
2021-10-27 05:41:12,293.181
2021-10-27 05:41:52,293.189
2021-10-27 05:42:33,293.198
2021-10-27 05:43:13,293.192
2021-10-27 05:43:53,293.192
2021-10-27 05:44:33,293.18
2021-10-27 05:45:13,293.183
2021-10-27 05:45:54,293.171
2021-10-27 05:46:34,293.178
2021-10-27 05:47:14,293.176
2021-10-27 05:47:54,293.176
2021-10-27 05:48:34,293.18
2021-10-27 05:49:15,293.17
2021-10-27 05:49:55,293.166
2021-10-27 05:50:35,293.182
2021-10-27 05:51:15,293.182
2021-10-27 05:51:55,293.179
2021-10-27 05:52:35,293.167
2021-10-27 05:53:16,293.175
2021-10-27 05:53:56,293.179
2021-10-27 05:54:36,293.179
2021-10-27 05:55:16,293.156
2021-10-27 05:55:56,293.167
2021-10-27 05:56:37,293.168
2021-10-27 05:57:17,293.16
2021-10-27 05:57:57,293.16
2021-10-27 05:58:37,293.151
2021-10-27 05:59:17,293.171
2021-10-27 05:59:58,293.152
2021-10-27 06:00:38,293.155
2021-10-27 06:01:18,293.155
2021-10-27 06:01:58,293.14
2021-10-27 06:02:38,293.153
2021-10-27 06:03:18,293.153
2021-10-27 06:03:59,293.16
2021-10-27 06:04:39,293.16
2021-10-27 06:05:19,293.15
2021-10-27 06:05:59,293.15
2021-10-27 06:06:39,293.144
2021-10-27 06:07:20,293.149
2021-10-27 06:08:00,293.149
2021-10-27 06:08:40,293.153
2021-10-27 06:09:20,293.132
2021-10-27 06:10:00,293.147
2021-10-27 06:10:40,293.152
2021-10-27 06:11:21,293.152
2021-10-27 06:12:01,293.136
2021-10-27 06:12:41,293.132
2021-10-27 06:13:21,293.136
2021-10-27 06:14:02,293.126
2021-10-27 06:14:42,293.126
2021-10-27 06:15:22,293.137
2021-10-27 06:16:02,293.118
2021-10-27 06:16:42,293.134
2021-10-27 06:17:22,293.131
2021-10-27 06:18:03,293.131
2021-10-27 06:18:43,293.135
2021-10-27 06:19:23,293.137
2021-10-27 06:20:03,293.129
2021-10-27 06:20:43,293.131
2021-10-27 06:21:24,293.131
2021-10-27 06:22:04,293.124
2021-10-27 06:22:44,293.121
2021-10-27 06:23:24,293.121
2021-10-27 06:24:05,293.13
2021-10-27 06:24:45,293.124
2021-10-27 06:25:25,293.124
2021-10-27 06:26:05,293.117
2021-10-27 06:26:45,293.115
2021-10-27 06:27:26,293.124
2021-10-27 06:28:06,293.12
2021-10-27 06:28:46,293.12
2021-10-27 06:29:26,293.116
2021-10-27 06:30:06,293.12
2021-10-27 06:30:47,293.106
2021-10-27 06:31:27,293.101
2021-10-27 06:32:07,293.101
2021-10-27 06:32:47,293.116
2021-10-27 06:33:27,293.104
2021-10-27 06:34:07,293.109
2021-10-27 06:34:48,293.107
2021-10-27 06:35:28,293.107
2021-10-27 06:36:08,293.118
2021-10-27 06:36:48,293.106
2021-10-27 06:37:28,293.113
2021-10-27 06:38:09,293.104
2021-10-27 06:38:49,293.104
2021-10-27 06:39:29,293.097
2021-10-27 06:40:09,293.102
2021-10-27 06:40:49,293.098
2021-10-27 06:41:29,293.1
2021-10-27 06:42:10,293.1
2021-10-27 06:42:50,293.112
2021-10-27 06:43:30,293.092
2021-10-27 06:44:10,293.09
2021-10-27 06:44:50,293.093
2021-10-27 06:45:31,293.093
2021-10-27 06:46:11,293.091
2021-10-27 06:46:51,293.085
2021-10-27 06:47:31,293.088
2021-10-27 06:48:11,293.079
2021-10-27 06:48:52,293.079
2021-10-27 06:49:32,293.091
2021-10-27 06:50:12,293.08
2021-10-27 06:50:52,293.079
2021-10-27 06:51:32,293.088
2021-10-27 06:52:12,293.088
2021-10-27 06:52:53,293.079
2021-10-27 06:53:33,293.071
2021-10-27 06:54:13,293.08
2021-10-27 06:54:53,293.076
2021-10-27 06:55:33,293.076
2021-10-27 06:56:14,293.078
2021-10-27 06:56:54,293.073
2021-10-27 06:57:34,293.064
2021-10-27 06:58:14,293.062
2021-10-27 06:58:54,293.062
2021-10-27 06:59:35,293.056
2021-10-27 07:00:15,293.057
2021-10-27 07:00:55,293.064
2021-10-27 07:01:35,293.068
2021-10-27 07:02:15,293.065
2021-10-27 07:02:56,293.065
2021-10-27 07:03:36,293.065
2021-10-27 07:04:16,293.058
2021-10-27 07:04:56,293.059
2021-10-27 07:05:36,293.051
2021-10-27 07:06:16,293.051
2021-10-27 07:06:57,293.053
2021-10-27 07:07:37,293.064
2021-10-27 07:08:17,293.045
2021-10-27 07:08:57,293.062
2021-10-27 07:09:37,293.062
2021-10-27 07:10:18,293.035
2021-10-27 07:10:58,293.04
2021-10-27 07:11:38,293.036
2021-10-27 07:12:18,293.052
2021-10-27 07:12:58,293.052
2021-10-27 07:13:39,293.044
2021-10-27 07:14:19,293.035
2021-10-27 07:14:59,293.034
2021-10-27 07:15:39,293.034
2021-10-27 07:16:19,293.034
2021-10-27 07:17:00,293.033
2021-10-27 07:17:40,293.035
2021-10-27 07:18:20,293.04
2021-10-27 07:19:00,293.033
2021-10-27 07:19:40,293.033
2021-10-27 07:20:20,293.043
2021-10-27 07:21:00,293.038
2021-10-27 07:21:41,293.028
2021-10-27 07:22:21,293.023
2021-10-27 07:23:01,293.023
2021-10-27 07:23:41,293.028
2021-10-27 07:24:21,293.024
2021-10-27 07:25:02,293.02
2021-10-27 07:25:42,293.033
2021-10-27 07:26:22,293.033
2021-10-27 07:27:02,293.012
2021-10-27 07:27:42,293.009
2021-10-27 07:28:22,293.012
2021-10-27 07:29:02,293.013
2021-10-27 07:29:43,293.013
2021-10-27 07:30:23,293.02
2021-10-27 07:31:03,293.01
2021-10-27 07:31:43,293.007
2021-10-27 07:32:23,293.015
2021-10-27 07:33:04,293.015
2021-10-27 07:33:44,293.01
2021-10-27 07:34:24,293.015
2021-10-27 07:35:04,293.0
2021-10-27 07:35:44,293.0
2021-10-27 07:36:24,293.0
2021-10-27 07:37:05,293.013
2021-10-27 07:37:45,293.006
2021-10-27 07:38:25,293.005
2021-10-27 07:39:05,293.001
2021-10-27 07:39:46,293.004
2021-10-27 07:40:26,293.004
2021-10-27 07:41:06,292.992
2021-10-27 07:41:46,293.003
2021-10-27 07:42:26,292.997
2021-10-27 07:43:06,292.994
2021-10-27 07:43:47,292.994
2021-10-27 07:44:27,292.995
2021-10-27 07:45:07,292.994
2021-10-27 07:45:47,292.986
2021-10-27 07:46:27,292.974
2021-10-27 07:47:08,292.974
2021-10-27 07:47:48,292.998
2021-10-27 07:48:28,292.989
2021-10-27 07:49:08,292.984
2021-10-27 07:49:48,292.991
2021-10-27 07:50:28,292.991
2021-10-27 07:51:09,292.976
2021-10-27 07:51:49,292.985
2021-10-27 07:52:29,292.972
2021-10-27 07:53:09,292.981
2021-10-27 07:53:49,292.981
2021-10-27 07:54:30,292.979
2021-10-27 07:55:10,292.977
2021-10-27 07:55:50,292.977
2021-10-27 07:56:30,292.976
2021-10-27 07:57:10,292.976
2021-10-27 07:57:50,292.975
2021-10-27 07:58:31,292.963
2021-10-27 07:59:11,292.982
2021-10-27 07:59:51,292.985
2021-10-27 08:00:31,292.985
2021-10-27 08:01:11,292.981
2021-10-27 08:01:51,292.976
2021-10-27 08:02:31,292.963
2021-10-27 08:03:12,292.96
2021-10-27 08:03:52,292.96
2021-10-27 08:04:32,292.975
2021-10-27 08:05:12,292.974
2021-10-27 08:05:52,292.963
2021-10-27 08:06:33,292.969
2021-10-27 08:07:13,292.969
2021-10-27 08:07:53,292.968
2021-10-27 08:08:33,292.97
2021-10-27 08:09:13,292.964
2021-10-27 08:09:54,292.966
2021-10-27 08:10:34,292.966
2021-10-27 08:11:14,292.967
2021-10-27 08:11:54,292.955
2021-10-27 08:12:34,292.965
2021-10-27 08:13:15,292.964
2021-10-27 08:13:55,292.964
2021-10-27 08:14:35,292.959
2021-10-27 08:15:15,292.958
2021-10-27 08:15:55,292.952
2021-10-27 08:16:35,292.963
2021-10-27 08:17:16,292.963
2021-10-27 08:17:56,292.952
2021-10-27 08:18:36,292.97
2021-10-27 08:19:16,292.947
2021-10-27 08:19:56,292.952
2021-10-27 08:20:37,292.95
2021-10-27 08:21:17,292.95
2021-10-27 08:21:57,292.961
2021-10-27 08:22:37,292.955
2021-10-27 08:23:17,292.956
2021-10-27 08:23:57,292.965
2021-10-27 08:24:38,292.965
2021-10-27 08:25:18,292.95
2021-10-27 08:25:58,292.95
2021-10-27 08:26:38,292.941
2021-10-27 08:27:18,292.949
2021-10-27 08:27:59,292.949
2021-10-27 08:28:39,292.949
2021-10-27 08:29:19,292.959
2021-10-27 08:29:59,292.95
2021-10-27 08:30:39,292.954
2021-10-27 08:31:19,292.954
2021-10-27 08:32:00,292.957
2021-10-27 08:32:40,292.943
2021-10-27 08:33:20,292.938
2021-10-27 08:34:00,292.941
2021-10-27 08:34:40,292.941
2021-10-27 08:35:20,292.946
2021-10-27 08:36:01,292.955
2021-10-27 08:36:41,292.95
2021-10-27 08:37:21,292.939
2021-10-27 08:38:01,292.939
2021-10-27 08:38:41,292.953
2021-10-27 08:39:22,292.94
2021-10-27 08:40:02,292.941
2021-10-27 08:40:42,292.942
2021-10-27 08:41:22,292.942
2021-10-27 08:42:02,292.948
2021-10-27 08:42:43,292.946
2021-10-27 08:43:23,292.94
2021-10-27 08:44:03,292.946
2021-10-27 08:44:43,292.946
2021-10-27 08:45:23,292.952
2021-10-27 08:46:04,292.957
2021-10-27 08:46:44,292.945
2021-10-27 08:47:24,292.938
2021-10-27 08:48:04,292.938
2021-10-27 08:48:44,292.948
2021-10-27 08:49:25,292.936
2021-10-27 08:50:05,292.936
2021-10-27 08:50:45,292.947
2021-10-27 08:51:25,292.947
2021-10-27 08:52:05,292.939
2021-10-27 08:52:46,292.941
2021-10-27 08:53:26,292.94
2021-10-27 08:54:06,292.947
2021-10-27 08:54:46,292.947
2021-10-27 08:55:26,292.942
2021-10-27 08:56:07,292.947
2021-10-27 08:56:47,292.936
2021-10-27 08:57:27,292.946
2021-10-27 08:58:07,292.941
2021-10-27 08:58:47,292.941
2021-10-27 08:59:28,292.951
2021-10-27 09:00:08,292.939
2021-10-27 09:00:48,292.954
2021-10-27 09:01:28,292.947
2021-10-27 09:02:08,292.947
2021-10-27 09:02:48,292.933
2021-10-27 09:03:28,292.954
2021-10-27 09:04:09,292.944
2021-10-27 09:04:49,292.944
2021-10-27 09:05:29,292.944
2021-10-27 09:06:09,292.946
2021-10-27 09:06:49,292.954
2021-10-27 09:07:29,292.959
2021-10-27 09:08:10,292.958
2021-10-27 09:08:50,292.958
2021-10-27 09:09:30,292.945
2021-10-27 09:10:10,292.95
2021-10-27 09:10:50,292.946
2021-10-27 09:11:30,292.957
2021-10-27 09:12:11,292.957
2021-10-27 09:12:51,292.967
2021-10-27 09:13:31,292.959
2021-10-27 09:14:11,292.944
2021-10-27 09:14:51,292.962
2021-10-27 09:15:32,292.962
2021-10-27 09:16:12,292.945
2021-10-27 09:16:52,292.948
2021-10-27 09:17:32,292.951
2021-10-27 09:18:12,292.954
2021-10-27 09:18:52,292.954
2021-10-27 09:19:33,292.955
2021-10-27 09:20:13,292.965
2021-10-27 09:20:53,292.957
2021-10-27 09:21:33,292.968
2021-10-27 09:22:13,292.968
2021-10-27 09:22:54,292.943
2021-10-27 09:23:34,292.962
2021-10-27 09:24:14,292.957
2021-10-27 09:24:54,292.953
2021-10-27 09:25:34,292.953
2021-10-27 09:26:14,292.969
2021-10-27 09:26:55,292.963
2021-10-27 09:27:35,292.953
2021-10-27 09:28:15,292.966
2021-10-27 09:28:55,292.966
2021-10-27 09:29:35,292.958
2021-10-27 09:30:16,292.969
2021-10-27 09:30:56,292.965
2021-10-27 09:31:36,292.969
2021-10-27 09:32:16,292.969
2021-10-27 09:32:56,292.971
2021-10-27 09:33:37,292.976
2021-10-27 09:34:17,292.973
2021-10-27 09:34:57,292.974
2021-10-27 09:35:37,292.973
2021-10-27 09:36:17,292.973
2021-10-27 09:36:57,292.981
2021-10-27 09:37:38,292.975
2021-10-27 09:38:18,292.983
2021-10-27 09:38:58,292.97
2021-10-27 09:39:38,292.97
2021-10-27 09:40:18,292.979
2021-10-27 09:40:58,292.976
2021-10-27 09:41:39,292.986
2021-10-27 09:42:19,292.974
2021-10-27 09:42:59,292.974
2021-10-27 09:43:39,292.986
2021-10-27 09:44:19,292.97
2021-10-27 09:45:00,292.989
2021-10-27 09:45:40,292.987
2021-10-27 09:46:20,292.987
2021-10-27 09:47:00,292.982
2021-10-27 09:47:40,292.985
2021-10-27 09:48:20,292.998
2021-10-27 09:49:01,292.966
2021-10-27 09:49:41,292.966
2021-10-27 09:50:21,292.987
2021-10-27 09:51:01,292.987
2021-10-27 09:51:41,292.998
2021-10-27 09:52:22,292.982
2021-10-27 09:53:02,292.982
2021-10-27 09:53:42,292.983
2021-10-27 09:54:22,292.998
2021-10-27 09:55:02,292.992
2021-10-27 09:55:42,293.018
2021-10-27 09:56:23,293.018
2021-10-27 09:57:03,292.997
2021-10-27 09:57:43,292.995
2021-10-27 09:58:23,293.009
2021-10-27 09:59:03,293.001
2021-10-27 09:59:44,293.001
2021-10-27 10:00:24,292.995
2021-10-27 10:01:04,293.007
2021-10-27 10:01:44,292.998
2021-10-27 10:02:24,293.02
2021-10-27 10:03:04,293.02
2021-10-27 10:03:45,293.012
2021-10-27 10:04:25,293.005
2021-10-27 10:05:05,293.01
2021-10-27 10:05:45,293.006
2021-10-27 10:06:25,293.006
2021-10-27 10:07:05,293.013
2021-10-27 10:07:45,293.008
2021-10-27 10:08:26,293.019
2021-10-27 10:09:06,293.027
2021-10-27 10:09:46,293.027
2021-10-27 10:10:26,293.023
2021-10-27 10:11:06,293.029
2021-10-27 10:11:46,293.006
2021-10-27 10:12:27,293.037
2021-10-27 10:13:07,293.037
2021-10-27 10:13:47,293.027
2021-10-27 10:14:27,293.023
2021-10-27 10:15:07,293.042
2021-10-27 10:15:47,293.028
2021-10-27 10:16:28,293.042
2021-10-27 10:17:08,293.042
2021-10-27 10:17:48,293.045
2021-10-27 10:18:28,293.033
2021-10-27 10:19:09,293.041
2021-10-27 10:19:49,293.05
2021-10-27 10:20:29,293.05
2021-10-27 10:21:09,293.045
2021-10-27 10:21:49,293.044
2021-10-27 10:22:30,293.049
2021-10-27 10:23:10,293.043
2021-10-27 10:23:50,293.043
2021-10-27 10:24:30,293.063
2021-10-27 10:25:10,293.049
2021-10-27 10:25:50,293.059
2021-10-27 10:26:30,293.056
2021-10-27 10:27:11,293.056
2021-10-27 10:27:51,293.045
2021-10-27 10:28:31,293.065
2021-10-27 10:29:11,293.062
2021-10-27 10:29:51,293.068
2021-10-27 10:30:31,293.068
2021-10-27 10:31:11,293.068
2021-10-27 10:31:52,293.072
2021-10-27 10:32:32,293.063
2021-10-27 10:33:12,293.068
2021-10-27 10:33:52,293.068
2021-10-27 10:34:32,293.069
2021-10-27 10:35:13,293.077
2021-10-27 10:35:53,293.083
2021-10-27 10:36:33,293.082
2021-10-27 10:37:13,293.082
2021-10-27 10:37:53,293.091
2021-10-27 10:38:34,293.081
2021-10-27 10:39:14,293.071
2021-10-27 10:39:54,293.078
2021-10-27 10:40:34,293.078
2021-10-27 10:41:14,293.084
2021-10-27 10:41:55,293.091
2021-10-27 10:42:35,293.077
2021-10-27 10:43:15,293.102
2021-10-27 10:43:55,293.102
2021-10-27 10:44:35,293.098
2021-10-27 10:45:15,293.105
2021-10-27 10:45:56,293.114
2021-10-27 10:46:36,293.104
2021-10-27 10:47:16,293.104
2021-10-27 10:47:56,293.108
2021-10-27 10:48:36,293.09
2021-10-27 10:49:17,293.109
2021-10-27 10:49:57,293.119
2021-10-27 10:50:37,293.119
2021-10-27 10:51:17,293.123
2021-10-27 10:51:57,293.113
2021-10-27 10:52:38,293.118
2021-10-27 10:53:18,293.112
2021-10-27 10:53:58,293.112
2021-10-27 10:54:38,293.122
2021-10-27 10:55:18,293.117
2021-10-27 10:55:59,293.122
2021-10-27 10:56:39,293.132
2021-10-27 10:57:19,293.131
2021-10-27 10:57:59,293.131
2021-10-27 10:58:39,293.141
2021-10-27 10:59:19,293.142
2021-10-27 11:00:00,293.141
2021-10-27 11:00:40,293.13
2021-10-27 11:01:20,293.13
2021-10-27 11:02:00,293.163
2021-10-27 11:02:40,293.145
2021-10-27 11:03:21,293.15
2021-10-27 11:04:01,293.149
2021-10-27 11:04:41,293.149
2021-10-27 11:05:21,293.157
2021-10-27 11:06:01,293.167
2021-10-27 11:06:42,293.161
2021-10-27 11:07:22,293.169
2021-10-27 11:08:02,293.169
2021-10-27 11:08:42,293.176
2021-10-27 11:09:22,293.167
2021-10-27 11:10:03,293.173
2021-10-27 11:10:43,293.171
2021-10-27 11:11:23,293.171
2021-10-27 11:12:03,293.173
2021-10-27 11:12:43,293.173
2021-10-27 11:13:23,293.185
2021-10-27 11:14:03,293.178
2021-10-27 11:14:44,293.178
2021-10-27 11:15:24,293.192
2021-10-27 11:16:04,293.195
2021-10-27 11:16:44,293.191
2021-10-27 11:17:24,293.198
2021-10-27 11:18:05,293.198
2021-10-27 11:18:45,293.204
2021-10-27 11:19:25,293.202
2021-10-27 11:20:05,293.198
2021-10-27 11:20:45,293.201
2021-10-27 11:21:26,293.201
2021-10-27 11:22:06,293.207
2021-10-27 11:22:46,293.207
2021-10-27 11:23:26,293.212
2021-10-27 11:24:06,293.218
2021-10-27 11:24:47,293.218
2021-10-27 11:25:27,293.215
2021-10-27 11:26:07,293.236
2021-10-27 11:26:47,293.215
2021-10-27 11:27:27,293.23
2021-10-27 11:28:08,293.23
2021-10-27 11:28:48,293.227
2021-10-27 11:29:28,293.234
2021-10-27 11:30:08,293.222
2021-10-27 11:30:48,293.229
2021-10-27 11:31:29,293.228
2021-10-27 11:32:09,293.228
2021-10-27 11:32:49,293.251
2021-10-27 11:33:29,293.233
2021-10-27 11:34:09,293.246
2021-10-27 11:34:50,293.249
2021-10-27 11:35:30,293.249
2021-10-27 11:36:10,293.249
2021-10-27 11:36:50,293.249
2021-10-27 11:37:30,293.259
2021-10-27 11:38:10,293.244
2021-10-27 11:38:51,293.244
2021-10-27 11:39:31,293.259
2021-10-27 11:40:11,293.269
2021-10-27 11:40:51,293.269
2021-10-27 11:41:31,293.268
2021-10-27 11:42:11,293.268
2021-10-27 11:42:52,293.277
2021-10-27 11:43:32,293.273
2021-10-27 11:44:12,293.27
2021-10-27 11:44:52,293.269
2021-10-27 11:45:32,293.269
2021-10-27 11:46:13,293.271
2021-10-27 11:46:53,293.279
2021-10-27 11:47:33,293.296
2021-10-27 11:48:13,293.292
2021-10-27 11:48:53,293.292
2021-10-27 11:49:33,293.294
2021-10-27 11:50:14,293.314
2021-10-27 11:50:54,293.29
2021-10-27 11:51:34,293.31
2021-10-27 11:52:14,293.31
2021-10-27 11:52:54,293.294
2021-10-27 11:53:35,293.301
2021-10-27 11:54:15,293.308
2021-10-27 11:54:55,293.306
2021-10-27 11:55:35,293.306
2021-10-27 11:56:15,293.308
2021-10-27 11:56:55,293.298
2021-10-27 11:57:36,293.31
2021-10-27 11:58:16,293.325
2021-10-27 11:58:56,293.325
2021-10-27 11:59:36,293.328
2021-10-27 12:00:16,293.326
2021-10-27 12:00:57,293.329
2021-10-27 12:01:37,293.336
2021-10-27 12:02:17,293.336
2021-10-27 12:02:57,293.339
2021-10-27 12:03:37,293.332
2021-10-27 12:04:18,293.329
2021-10-27 12:04:58,293.34
2021-10-27 12:05:38,293.34
2021-10-27 12:06:18,293.342
2021-10-27 12:06:58,293.349
2021-10-27 12:07:38,293.365
2021-10-27 12:08:18,293.368
2021-10-27 12:08:59,293.368
2021-10-27 12:09:39,293.367
2021-10-27 12:10:19,293.382
2021-10-27 12:10:59,293.398
2021-10-27 12:11:39,293.387
2021-10-27 12:12:20,293.398
2021-10-27 12:13:00,293.398
2021-10-27 12:13:40,293.394
2021-10-27 12:14:20,293.405
2021-10-27 12:15:00,293.407
2021-10-27 12:15:41,293.406
2021-10-27 12:16:21,293.406
2021-10-27 12:17:01,293.411
2021-10-27 12:17:41,293.418
2021-10-27 12:18:21,293.415
2021-10-27 12:19:02,293.426
2021-10-27 12:19:42,293.426
2021-10-27 12:20:22,293.435
2021-10-27 12:21:02,293.432
2021-10-27 12:21:42,293.439
2021-10-27 12:22:23,293.443
2021-10-27 12:23:03,293.443
2021-10-27 12:23:43,293.446
2021-10-27 12:24:23,293.452
2021-10-27 12:25:03,293.463
2021-10-27 12:25:43,293.464
2021-10-27 12:26:24,293.464
2021-10-27 12:27:04,293.469
2021-10-27 12:27:44,293.493
2021-10-27 12:28:24,293.483
2021-10-27 12:29:04,293.501
2021-10-27 12:29:45,293.501
2021-10-27 12:30:25,293.494
2021-10-27 12:31:05,293.498
2021-10-27 12:31:45,293.516
2021-10-27 12:32:25,293.521
2021-10-27 12:33:05,293.521
2021-10-27 12:33:46,293.543
2021-10-27 12:34:26,293.555
2021-10-27 12:35:06,293.554
2021-10-27 12:35:46,293.562
2021-10-27 12:36:26,293.562
2021-10-27 12:37:06,293.573
2021-10-27 12:37:47,293.59
2021-10-27 12:38:27,293.598
2021-10-27 12:39:07,293.598
2021-10-27 12:39:47,293.598
2021-10-27 12:40:27,293.608
2021-10-27 12:41:08,293.605
2021-10-27 12:41:48,293.616
2021-10-27 12:42:28,293.615
2021-10-27 12:43:08,293.615
2021-10-27 12:43:48,293.63
2021-10-27 12:44:29,293.64
2021-10-27 12:45:09,293.642
2021-10-27 12:45:49,293.656
2021-10-27 12:46:29,293.656
2021-10-27 12:47:09,293.65
2021-10-27 12:47:49,293.665
2021-10-27 12:48:30,293.666
2021-10-27 12:49:10,293.684
2021-10-27 12:49:50,293.69
2021-10-27 12:50:30,293.69
2021-10-27 12:51:11,293.7
2021-10-27 12:51:51,293.688
2021-10-27 12:52:31,293.705
2021-10-27 12:53:11,293.719
2021-10-27 12:53:51,293.719
2021-10-27 12:54:31,293.708
2021-10-27 12:55:11,293.736
2021-10-27 12:55:52,293.731
2021-10-27 12:56:32,293.744
2021-10-27 12:57:12,293.744
2021-10-27 12:57:52,293.746
2021-10-27 12:58:32,293.754
2021-10-27 12:59:13,293.778
2021-10-27 12:59:53,293.788
2021-10-27 13:00:33,293.788
2021-10-27 13:01:13,293.793
2021-10-27 13:01:53,293.785
2021-10-27 13:02:33,293.795
2021-10-27 13:03:14,293.796
2021-10-27 13:03:54,293.796
2021-10-27 13:04:34,293.795
2021-10-27 13:05:14,293.787
2021-10-27 13:05:54,293.804
2021-10-27 13:06:34,293.786
2021-10-27 13:07:15,293.786
2021-10-27 13:07:55,293.816
2021-10-27 13:08:35,293.818
2021-10-27 13:09:15,293.817
2021-10-27 13:09:55,293.823
2021-10-27 13:10:35,293.823
2021-10-27 13:11:16,293.82
2021-10-27 13:11:56,293.827
2021-10-27 13:12:36,293.828
2021-10-27 13:13:16,293.841
2021-10-27 13:13:56,293.841
2021-10-27 13:14:37,293.83
2021-10-27 13:15:17,293.84
2021-10-27 13:15:57,293.832
2021-10-27 13:16:37,293.858
2021-10-27 13:17:17,293.858
2021-10-27 13:17:57,293.86
2021-10-27 13:18:38,293.856
2021-10-27 13:19:18,293.864
2021-10-27 13:19:58,293.858
2021-10-27 13:20:38,293.858
2021-10-27 13:21:18,293.85
2021-10-27 13:21:58,293.864
2021-10-27 13:22:39,293.867
2021-10-27 13:23:19,293.873
2021-10-27 13:23:59,293.873
2021-10-27 13:24:39,293.866
2021-10-27 13:25:19,293.877
2021-10-27 13:25:59,293.881
2021-10-27 13:26:40,293.874
2021-10-27 13:27:20,293.874
2021-10-27 13:28:00,293.882
2021-10-27 13:28:40,293.888
2021-10-27 13:29:20,293.894
2021-10-27 13:30:01,293.89
2021-10-27 13:30:41,293.891
2021-10-27 13:31:21,293.891
2021-10-27 13:32:01,293.898
2021-10-27 13:32:41,293.898
2021-10-27 13:33:22,293.909
2021-10-27 13:34:02,293.903
2021-10-27 13:34:42,293.903
2021-10-27 13:35:22,293.904
2021-10-27 13:36:02,293.913
2021-10-27 13:36:42,293.914
2021-10-27 13:37:22,293.907
2021-10-27 13:38:03,293.907
2021-10-27 13:38:43,293.908
2021-10-27 13:39:23,293.926
2021-10-27 13:40:03,293.922
2021-10-27 13:40:43,293.931
2021-10-27 13:41:23,293.931
2021-10-27 13:42:04,293.936
2021-10-27 13:42:44,293.936
2021-10-27 13:43:24,293.927
2021-10-27 13:44:04,293.926
2021-10-27 13:44:44,293.926
2021-10-27 13:45:24,293.926
2021-10-27 13:46:04,293.941
2021-10-27 13:46:45,293.949
2021-10-27 13:47:25,293.942
2021-10-27 13:48:05,293.942
2021-10-27 13:48:45,293.942
2021-10-27 13:49:25,293.957
2021-10-27 13:50:05,293.955
2021-10-27 13:50:46,293.956
2021-10-27 13:51:26,293.956
2021-10-27 13:52:06,293.956
2021-10-27 13:52:46,293.959
2021-10-27 13:53:26,293.969
2021-10-27 13:54:06,293.982
2021-10-27 13:54:47,293.982
2021-10-27 13:55:27,293.961
2021-10-27 13:56:07,293.973
2021-10-27 13:56:47,293.972
2021-10-27 13:57:27,293.984
2021-10-27 13:58:07,293.984
2021-10-27 13:58:48,293.982
2021-10-27 13:59:28,293.993
2021-10-27 14:00:08,293.991
2021-10-27 14:00:48,294.002
2021-10-27 14:01:28,294.002
2021-10-27 14:02:08,294.024
2021-10-27 14:02:49,294.027
2021-10-27 14:03:29,294.009
2021-10-27 14:04:09,294.027
2021-10-27 14:04:49,294.027
2021-10-27 14:05:29,294.027
2021-10-27 14:06:10,294.04
2021-10-27 14:06:50,294.053
2021-10-27 14:07:30,294.06
2021-10-27 14:08:10,294.06
2021-10-27 14:08:50,294.06
2021-10-27 14:09:30,294.085
2021-10-27 14:10:11,294.094
2021-10-27 14:10:51,294.088
2021-10-27 14:11:31,294.094
2021-10-27 14:12:11,294.094
2021-10-27 14:12:52,294.084
2021-10-27 14:13:32,294.101
2021-10-27 14:14:12,294.103
2021-10-27 14:14:52,294.1
2021-10-27 14:15:32,294.1
2021-10-27 14:16:12,294.105
2021-10-27 14:16:53,293.999
2021-10-27 14:17:33,293.966
2021-10-27 14:18:13,293.956
2021-10-27 14:18:53,293.956
2021-10-27 14:19:33,293.952
2021-10-27 14:20:14,293.933
2021-10-27 14:20:54,293.937
2021-10-27 14:21:34,293.929
2021-10-27 14:22:14,293.929
2021-10-27 14:22:54,293.921
2021-10-27 14:23:34,293.934
2021-10-27 14:24:15,293.933
2021-10-27 14:24:55,293.927
2021-10-27 14:25:35,293.927
2021-10-27 14:26:15,293.937
2021-10-27 14:26:55,293.943
2021-10-27 14:27:36,293.946
2021-10-27 14:28:16,293.947
2021-10-27 14:28:56,293.947
2021-10-27 14:29:36,293.956
2021-10-27 14:30:16,293.974
2021-10-27 14:30:57,293.977
2021-10-27 14:31:37,293.984
2021-10-27 14:32:17,293.984
2021-10-27 14:32:57,293.994
2021-10-27 14:33:38,294.014
2021-10-27 14:34:18,294.019
2021-10-27 14:34:58,294.02
2021-10-27 14:35:38,294.02
2021-10-27 14:36:18,294.024
2021-10-27 14:36:58,294.036
2021-10-27 14:37:39,294.044
2021-10-27 14:38:19,294.065
2021-10-27 14:38:59,294.065
2021-10-27 14:39:39,294.063
2021-10-27 14:40:19,294.072
2021-10-27 14:41:00,294.076
2021-10-27 14:41:40,294.078
2021-10-27 14:42:20,294.078
2021-10-27 14:43:00,294.082
2021-10-27 14:43:40,294.093
2021-10-27 14:44:20,294.096
2021-10-27 14:45:01,294.106
2021-10-27 14:45:41,294.106
2021-10-27 14:46:21,294.108
2021-10-27 14:47:01,294.115
2021-10-27 14:47:41,294.136
2021-10-27 14:48:22,294.142
2021-10-27 14:49:02,294.152
2021-10-27 14:49:42,294.152
2021-10-27 14:50:22,294.166
2021-10-27 14:51:02,294.162
2021-10-27 14:51:43,294.18
2021-10-27 14:52:23,294.185
2021-10-27 14:53:03,294.185
2021-10-27 14:53:43,294.187
2021-10-27 14:54:23,294.197
2021-10-27 14:55:04,294.191
2021-10-27 14:55:44,294.207
2021-10-27 14:56:24,294.207
2021-10-27 14:57:04,294.224
2021-10-27 14:57:44,294.221
2021-10-27 14:58:24,294.24
2021-10-27 14:59:05,294.239
2021-10-27 14:59:45,294.239
2021-10-27 15:00:25,294.239
2021-10-27 15:01:05,294.246
2021-10-27 15:01:45,294.238
2021-10-27 15:02:25,294.257
2021-10-27 15:03:06,294.257
2021-10-27 15:03:46,294.258
2021-10-27 15:04:26,294.246
2021-10-27 15:05:06,294.247
2021-10-27 15:05:46,294.264
2021-10-27 15:06:26,294.264
2021-10-27 15:07:06,294.248
2021-10-27 15:07:47,294.238
2021-10-27 15:08:27,294.258
2021-10-27 15:09:07,294.229
2021-10-27 15:09:47,294.229
2021-10-27 15:10:27,294.239
2021-10-27 15:11:08,294.243
2021-10-27 15:11:48,294.244
2021-10-27 15:12:28,294.24
2021-10-27 15:13:08,294.24
2021-10-27 15:13:48,294.246
2021-10-27 15:14:29,294.239
2021-10-27 15:15:09,294.243
2021-10-27 15:15:49,294.254
2021-10-27 15:16:29,294.254
2021-10-27 15:17:09,294.256
2021-10-27 15:17:49,294.241
2021-10-27 15:18:30,294.252
2021-10-27 15:19:10,294.249
2021-10-27 15:19:50,294.249
2021-10-27 15:20:30,294.254
2021-10-27 15:21:10,294.241
2021-10-27 15:21:51,294.256
2021-10-27 15:22:31,294.252
2021-10-27 15:23:11,294.252
2021-10-27 15:23:51,294.254
2021-10-27 15:24:31,294.242
2021-10-27 15:25:12,294.239
2021-10-27 15:25:52,294.239
2021-10-27 15:26:32,294.247
2021-10-27 15:27:12,294.247
2021-10-27 15:27:53,294.242
2021-10-27 15:28:33,294.229
2021-10-27 15:29:13,294.238
2021-10-27 15:29:53,294.228
2021-10-27 15:30:33,294.228
2021-10-27 15:31:13,294.236
2021-10-27 15:31:54,294.239
2021-10-27 15:32:34,294.23
2021-10-27 15:33:14,294.226
2021-10-27 15:33:54,294.226
2021-10-27 15:34:34,294.217
2021-10-27 15:35:14,294.224
2021-10-27 15:35:55,294.221
2021-10-27 15:36:35,294.212
2021-10-27 15:37:15,294.212
2021-10-27 15:37:55,294.21
2021-10-27 15:38:35,294.209
2021-10-27 15:39:16,294.209
2021-10-27 15:39:56,294.19
2021-10-27 15:40:36,294.19
2021-10-27 15:41:16,294.202
2021-10-27 15:41:56,294.204
2021-10-27 15:42:36,294.193
2021-10-27 15:43:17,294.176
2021-10-27 15:43:57,294.176
2021-10-27 15:44:37,294.184
2021-10-27 15:45:17,294.189
2021-10-27 15:45:57,294.18
2021-10-27 15:46:37,294.18
2021-10-27 15:47:18,294.18
2021-10-27 15:47:58,294.178
2021-10-27 15:48:38,294.17
2021-10-27 15:49:18,294.17
2021-10-27 15:49:58,294.179
2021-10-27 15:50:38,294.179
2021-10-27 15:51:18,294.169
2021-10-27 15:51:59,294.168
2021-10-27 15:52:39,294.167
2021-10-27 15:53:19,294.162
2021-10-27 15:53:59,294.162
2021-10-27 15:54:39,294.159
2021-10-27 15:55:19,294.159
2021-10-27 15:56:00,294.155
2021-10-27 15:56:40,294.162
2021-10-27 15:57:20,294.162
2021-10-27 15:58:00,294.158
2021-10-27 15:58:40,294.149
2021-10-27 15:59:20,294.153
2021-10-27 16:00:01,294.138
2021-10-27 16:00:41,294.138
2021-10-27 16:01:21,294.145
2021-10-27 16:02:01,294.136
2021-10-27 16:02:41,294.14
2021-10-27 16:03:22,294.132
2021-10-27 16:04:02,294.132
2021-10-27 16:04:42,294.128
2021-10-27 16:05:22,294.116
2021-10-27 16:06:02,294.114
2021-10-27 16:06:43,294.105
2021-10-27 16:07:23,294.115
2021-10-27 16:08:03,294.115
2021-10-27 16:08:43,294.111
2021-10-27 16:09:24,294.089
2021-10-27 16:10:04,294.081
2021-10-27 16:10:44,294.089
2021-10-27 16:11:24,294.089
2021-10-27 16:12:04,294.094
2021-10-27 16:12:44,294.08
2021-10-27 16:13:25,294.076
2021-10-27 16:14:05,294.076
2021-10-27 16:14:45,294.076
2021-10-27 16:15:25,294.069
2021-10-27 16:16:05,294.068
2021-10-27 16:16:45,294.056
2021-10-27 16:17:26,294.065
2021-10-27 16:18:06,294.065
2021-10-27 16:18:46,294.051
2021-10-27 16:19:26,294.059
2021-10-27 16:20:06,294.051
2021-10-27 16:20:46,294.032
2021-10-27 16:21:27,294.032
2021-10-27 16:22:07,294.036
2021-10-27 16:22:47,294.05
2021-10-27 16:23:27,294.041
2021-10-27 16:24:08,294.032
2021-10-27 16:24:48,294.032
2021-10-27 16:25:28,294.022
2021-10-27 16:26:08,294.015
2021-10-27 16:26:48,294.038
2021-10-27 16:27:28,294.016
2021-10-27 16:28:09,294.016
2021-10-27 16:28:49,294.004
2021-10-27 16:29:29,294.008
2021-10-27 16:30:09,294.002
2021-10-27 16:30:49,294.003
2021-10-27 16:31:30,294.003
2021-10-27 16:32:10,294.009
2021-10-27 16:32:50,293.99
2021-10-27 16:33:30,293.999
2021-10-27 16:34:10,293.994
2021-10-27 16:34:50,293.994
2021-10-27 16:35:31,293.993
2021-10-27 16:36:11,293.988
2021-10-27 16:36:51,293.982
2021-10-27 16:37:31,293.988
2021-10-27 16:38:11,293.988
2021-10-27 16:38:51,293.98
2021-10-27 16:39:32,293.974
2021-10-27 16:40:12,293.97
2021-10-27 16:40:52,293.946
2021-10-27 16:41:32,293.946
2021-10-27 16:42:12,293.958
2021-10-27 16:42:53,293.957
2021-10-27 16:43:33,293.965
2021-10-27 16:44:13,293.956
2021-10-27 16:44:53,293.963
2021-10-27 16:45:33,293.963
2021-10-27 16:46:14,293.96
2021-10-27 16:46:54,293.948
2021-10-27 16:47:34,293.949
2021-10-27 16:48:14,293.956
2021-10-27 16:48:54,293.956
2021-10-27 16:49:34,293.941
2021-10-27 16:50:15,293.929
2021-10-27 16:50:55,293.93
2021-10-27 16:51:35,293.939
2021-10-27 16:52:15,293.939
2021-10-27 16:52:55,293.937
2021-10-27 16:53:35,293.934
2021-10-27 16:54:15,293.926
2021-10-27 16:54:56,293.919
2021-10-27 16:55:36,293.919
2021-10-27 16:56:16,293.924
2021-10-27 16:56:56,293.921
2021-10-27 16:57:36,293.918
2021-10-27 16:58:17,293.91
2021-10-27 16:58:57,293.91
2021-10-27 16:59:37,293.909
2021-10-27 17:00:17,293.912
2021-10-27 17:00:57,293.908
2021-10-27 17:01:37,293.911
2021-10-27 17:02:18,293.911
2021-10-27 17:02:58,293.914
2021-10-27 17:03:38,293.901
2021-10-27 17:04:18,293.895
2021-10-27 17:04:58,293.896
2021-10-27 17:05:39,293.896
2021-10-27 17:06:19,293.903
2021-10-27 17:06:59,293.9
2021-10-27 17:07:39,293.894
2021-10-27 17:08:19,293.903
2021-10-27 17:09:00,293.903
2021-10-27 17:09:40,293.904
2021-10-27 17:10:20,293.895
2021-10-27 17:11:00,293.892
2021-10-27 17:11:40,293.888
2021-10-27 17:12:20,293.888
2021-10-27 17:13:01,293.875
2021-10-27 17:13:41,293.895
2021-10-27 17:14:21,293.889
2021-10-27 17:15:01,293.893
2021-10-27 17:15:41,293.893
2021-10-27 17:16:22,293.887
2021-10-27 17:17:02,293.875
2021-10-27 17:17:42,293.891
2021-10-27 17:18:22,293.882
2021-10-27 17:19:02,293.882
2021-10-27 17:19:42,293.88
2021-10-27 17:20:23,293.881
2021-10-27 17:21:03,293.874
2021-10-27 17:21:43,293.881
2021-10-27 17:22:23,293.881
2021-10-27 17:23:03,293.879
2021-10-27 17:23:43,293.867
2021-10-27 17:24:24,293.893
2021-10-27 17:25:04,293.875
2021-10-27 17:25:44,293.878
2021-10-27 17:26:24,293.878
2021-10-27 17:27:05,293.868
2021-10-27 17:27:45,293.869
2021-10-27 17:28:25,293.878
2021-10-27 17:29:05,293.863
2021-10-27 17:29:45,293.863
2021-10-27 17:30:26,293.879
2021-10-27 17:31:06,293.869
2021-10-27 17:31:46,293.873
2021-10-27 17:32:26,293.861
2021-10-27 17:33:06,293.861
2021-10-27 17:33:46,293.866
2021-10-27 17:34:27,293.868
2021-10-27 17:35:07,293.869
2021-10-27 17:35:47,293.864
2021-10-27 17:36:27,293.864
2021-10-27 17:37:07,293.874
2021-10-27 17:37:48,293.859
2021-10-27 17:38:28,293.861
2021-10-27 17:39:08,293.861
2021-10-27 17:39:48,293.861
2021-10-27 17:40:28,293.872
2021-10-27 17:41:09,293.862
2021-10-27 17:41:49,293.871
2021-10-27 17:42:29,293.861
2021-10-27 17:43:09,293.861
2021-10-27 17:43:49,293.852
2021-10-27 17:44:29,293.863
2021-10-27 17:45:10,293.867
2021-10-27 17:45:50,293.849
2021-10-27 17:46:30,293.849
2021-10-27 17:47:10,293.852
2021-10-27 17:47:50,293.862
2021-10-27 17:48:31,293.851
2021-10-27 17:49:11,293.849
2021-10-27 17:49:51,293.849
2021-10-27 17:50:31,293.848
2021-10-27 17:51:11,293.842
2021-10-27 17:51:51,293.858
2021-10-27 17:52:32,293.863
2021-10-27 17:53:12,293.863
2021-10-27 17:53:52,293.846
2021-10-27 17:54:32,293.854
2021-10-27 17:55:12,293.86
2021-10-27 17:55:53,293.859
2021-10-27 17:56:35,293.849
2021-10-27 17:57:15,293.849
2021-10-27 17:57:55,293.846
2021-10-27 17:58:35,293.846
2021-10-27 17:59:15,293.861
2021-10-27 17:59:55,293.852
2021-10-27 18:00:35,293.852
2021-10-27 18:01:16,293.856
2021-10-27 18:01:56,293.785
2021-10-27 18:02:36,293.785
2021-10-27 18:03:16,293.698
2021-10-27 18:03:57,293.642
2021-10-27 18:04:37,293.642
2021-10-27 18:05:17,293.621
2021-10-27 18:05:57,293.589
2021-10-27 18:06:38,293.589
2021-10-27 18:07:18,293.56
2021-10-27 18:07:58,293.56
2021-10-27 18:08:38,293.56
2021-10-27 18:09:19,293.545
2021-10-27 18:09:59,293.542
2021-10-27 18:10:39,293.542
2021-10-27 18:11:19,293.531
2021-10-27 18:12:00,293.53
2021-10-27 18:12:40,293.53
2021-10-27 18:13:20,293.525
2021-10-27 18:14:00,293.527
2021-10-27 18:14:40,293.527
2021-10-27 18:15:21,293.529
2021-10-27 18:16:01,293.515
2021-10-27 18:16:41,293.515
2021-10-27 18:17:21,293.527
2021-10-27 18:18:02,293.527
2021-10-27 18:18:42,293.527
2021-10-27 18:19:22,293.513
2021-10-27 18:20:02,293.517
2021-10-27 18:20:42,293.517
2021-10-27 18:21:23,293.517
2021-10-27 18:22:03,293.51
2021-10-27 18:22:43,293.51
2021-10-27 18:23:23,293.521
2021-10-27 18:24:04,293.501
2021-10-27 18:24:44,293.501
